Annual_Rainfall,Cloud_Visibility,Seasonal_Rainfall,Flood_Occurred
2248.712332772615,5.671736066225963,1107.2435930506776,0
3862.000057947765,5.312636898667579,1256.0176766296468,1
3249.583037071934,1.2307785922579213,600.5614785509988,1
2876.2437557517023,4.071230448635407,1049.8489195283987,1
1636.852193238822,4.421760569072713,986.0951797724985,0
1636.7846569413673,4.589405028072104,1299.3964521459252,1
1362.6341140709585,6.221551323045991,1387.3044725775126,0
3625.2932081698186,5.802422920541906,314.58812577286415,0
2883.122032880985,6.471145835141002,1108.8239028705511,0
3182.6032178289274,7.883949353879155,362.20295894367484,0
1257.636584028247,8.316871648444842,958.6303980928271,0
3915.747586053584,7.46310768603845,645.1592748524138,0
3530.839394241181,9.599713263594412,668.1319194265694,0
1794.5495098991732,1.1640932440872547,723.5502041428279,1
1709.1099081798818,2.7620018711519148,1045.5509388595322,1
1713.5326275896145,1.068065874803279,700.8599588025231,1
2051.8782802867054,6.827272427391427,1179.2388607083365,0
2669.318008570266,9.082274940549881,785.4328626886436,0
2409.4460521979245,3.1913406691866935,382.0238403719503,1
2015.4415925545172,9.34331090316676,1240.5118109809287,0
2913.1881052226627,1.5424065126060476,642.9099895112472,1
1590.582809825717,9.409924241249628,819.3202555191151,0
2018.005015898611,4.16460418515671,1122.5326598662818,1
2225.813161222337,1.9127874560429485,698.9473885784544,1
2476.9959558077007,5.372845832676931,367.90278737605877,0
3398.492691900438,3.3109891094845714,748.7052564153763,1
1759.0865900434073,3.5638561176573056,1433.3382992331642,1
2639.8564275581125,3.765609684336579,1070.0812767582697,1
2858.7607928137186,8.22723308049397,1105.7749784006483,0
1330.0611556159936,5.85245149007729,1058.7385843651678,0
2901.1255853240273,3.8017692924040327,538.7905667513241,1
1677.4675463244162,6.493004049798265,802.0006369227361,0
1382.1444603587827,7.445356068008742,1201.127758035982,0
3856.8795043093332,3.453616006601804,421.647477063791,1
3903.769692608766,4.7219419137281635,633.4233313076547,1
3463.5125747260913,2.096974840032528,631.5829301590243,1
2052.918553685438,2.630344145812123,818.4227131134072,1
1473.4819192178747,7.130060685684845,1476.442489130622,0
3115.8524742340396,2.6329451292606425,381.0030560205863,1
2432.4269824708836,5.726470453003541,922.4411932567141,0
1541.7070575653806,7.381416355501894,515.2376184146525,0
2586.4953483115564,1.9618923078526946,1464.8118544916929,1
1296.2878591226115,6.105809976660132,435.96420567295706,0
3746.0971258205896,3.309065053312274,784.3212028339094,1
1924.5839484800474,9.666341877138219,1185.4619818015274,0
3055.0623961911497,5.351910820479323,1145.4653136329343,1
2072.7910130503506,8.253932947976423,807.2743642727187,0
2656.1904592978703,5.952038879406356,715.8290015432619,0
2730.788782161183,1.3907127956933725,777.1348542634447,1
1717.5924754714756,6.698362380346201,617.1315157903671,0
3914.836957740764,9.562630079859913,546.3995264481598,0
3370.3719054111207,6.414506381316981,879.647637070668,0
3830.5970363797296,8.372699734841111,622.2405072811288,0
3705.5165811974166,8.957858170135669,644.9539978767002,0
2874.1199406710384,3.0527179475403923,1088.1072761694686,1
3781.247858064727,2.90840355917404,1462.2447980398706,1
1447.7790057453747,6.498828899658926,1024.36464067125,0
1748.7520147736066,4.699256228260342,392.37536047795953,0
1326.6364089495066,8.558751725800484,390.7003366248804,0
2110.92492613714,9.1002081105821,1441.707865014679,0
2288.2964111305496,4.180792413724463,656.7489483688004,0
1959.7772889669086,3.1318350307703384,410.48038329897054,0
3520.465025625402,8.024729637194756,1018.8535045804579,0
2198.90931474205,3.4732543199332246,1048.3785339483193,1
1986.6166271246661,8.403528866623105,1078.2057841424257,0
2719.549032843096,4.813644282838865,620.8824334290496,0
1594.5878299293354,7.0079490936232345,318.13282105737005,0
3446.1515461113113,1.8598178245120136,1458.0184433453662,1
1408.7418023033583,6.614733922089157,601.071654829323,0
3963.2834224814483,5.065909108635062,1111.231545663057,1
3362.285354030641,6.279476168579267,1147.9558438544514,1
1756.4039082956829,2.5121278697037708,1032.008900495383,1
1215.4619279460867,7.631863704497639,675.4888730563779,0
3483.2919996735354,8.765173697889058,625.315504516879,0
3179.200562773328,2.9506582008169806,1017.2019392432437,1
3241.2200705147643,1.8614309996814555,1339.3147603340299,1
3359.556970720648,1.2127472744170276,1436.0804747080747,1
1407.325024855453,6.777743503989394,427.0869652845092,0
2203.704039923963,6.463846324799027,485.7943351172638,0
1524.4333666703633,5.92027671442663,1433.6835105396956,0
3616.689592451662,3.087523865043779,1183.842274001751,1
2945.2347551171624,4.518153963149632,1359.5925897957277,1
2126.514469587418,6.350287016675558,543.1591609624118,0
1377.9633808008662,5.470901729732525,1005.1030453312823,0
2070.7505008038543,9.890069681933985,1141.3675133009683,0
2110.513301674892,2.227957773010598,1116.1342625363673,1
3242.8972993465795,7.256300986428344,789.7820290400377,0
2985.160919794597,4.638868912938629,318.47387002957015,0
3684.1956792137144,4.853796534330533,999.5112681651158,1
2522.2017904534578,7.458379890923586,603.7218470155306,0
1534.8638886272447,7.231925361919327,840.3050953714684,0
3197.085404224386,9.921303943319694,1449.0972181005807,0
3330.198136127313,2.155548605087127,778.8423811709217,1
2771.5761531945896,1.936986844457497,1307.7619279973121,1
3358.7081038727706,7.51904935415867,526.2487268991014,0
2582.627669820294,6.205482253057681,1106.9525976300347,0
2663.6519222695833,3.4674459990382527,1472.4083453267322,1
2397.1148514039387,1.7147743209008794,422.2717210475241,1
1271.1735548834665,1.770924246367875,309.98393067263044,1
1502.0959955812525,9.047717871977065,820.2993511591372,0
1288.001719922856,2.726805922468686,411.1505796616406,0
2981.9491515385853,3.9103440590396867,1198.0612196114776,1
2080.1967470137147,3.039907620042892,1397.4583966182706,1
2623.997935261168,4.194966752487436,820.8251672505106,1
3741.1861269930605,1.6248145847148403,610.4539705865291,1
1898.01824161685,5.671538118174434,821.2839828079317,0
2349.0721844997634,1.6085130723299341,1168.1373814200012,1
3315.543187920536,8.203208570401255,310.8649938964452,0
1840.6348633765429,3.103408737193897,1007.3447873816366,1
1415.5437475206204,5.860107231440596,1035.950021864855,0
2011.3040681585503,8.920711788053124,1065.2258962751225,0
1651.4196043112124,6.8578963214247475,590.4264959770526,0
3803.1534265592045,5.796620078962018,1156.863268053752,1
3462.7370627803675,3.9190037780383804,409.6697835981317,1
2973.530518229186,3.9970172175237813,539.1244037601609,1
3640.0896525256094,7.025382596783711,1352.9640559853783,1
3450.2818153175203,9.947254250990508,1186.4677808718798,0
1722.3961648809004,6.9565527086444074,316.4946648136143,0
3699.1651957719378,6.020050756330225,598.0515124437602,0
2710.158277363822,7.575854592153215,557.2877795917975,0
3460.8324344593752,5.186850510553463,624.9675936443671,1
3709.055639785781,1.541281083407067,597.0717243358637,1
2090.409729921219,6.0606713429011885,375.0315548914149,0
1508.1453886774948,9.618627560548422,850.7286199161844,0
1838.2184551174369,2.577726481218937,1179.2801697433981,1
2395.901808153518,7.210044017385991,1028.0780696609236,0
3490.441344582981,2.8084031979315083,1107.4460023176957,1
3610.0456331177616,5.822449160257731,397.37901424348695,0
1219.465965487334,1.8700880468204766,1441.7888522121445,1
2630.092447217184,5.053338426323666,1306.1902006116297,1
2368.7508088165814,7.805469960057215,1266.1083821947952,0
1821.9018693180446,4.128143718150839,1287.580566050121,1
1535.6230285343117,6.984205520384962,1419.2526097593136,0
2145.3224799301584,8.159049647107562,953.1047593364373,0
3840.1471709550538,9.344600375315075,540.338421441151,0
2104.9682096581146,3.111778736699082,1040.1403294230495,1
2652.6137408814247,4.593843242283773,1191.4577924015268,1
3168.4530849064977,2.371744119973757,1185.5008720248306,1
2218.162886662023,9.932351519425376,925.7388290002561,0
3920.98983161869,9.343008711318658,382.15046320029364,0
3894.8524258379116,5.859614172525037,745.3355261161535,1
1904.9904283110195,8.578299649387791,1404.9199301560288,0
2592.2958164986794,5.6886217954483795,1001.3386917089113,0
2042.459267486955,6.612271192024838,945.9983319068562,0
1997.5533842569093,1.8021198890441497,622.6242172586321,1
1303.283452592692,7.797433784471272,742.1387038998946,0
2906.780135143711,2.1494213527171135,1374.415306983803,1
2607.501265040812,8.434608672272756,1099.7556570322029,0
1344.1405034999702,8.038252789033473,1244.8644321027996,0
1980.210099862512,7.378702279686788,845.2145076811862,0
3743.1444807066305,1.325443424722859,1056.2966633473895,1
1870.7732938675226,3.7281552035079573,598.0603304918491,0
1605.7056418554248,3.368013129197586,1146.5529963401837,1
2570.4677287771765,4.241227667243672,813.1216004440048,1
3959.821271509682,1.7887847208745469,831.0546177776947,1
1877.754760232201,9.432620407279565,1079.186789492258,0
3081.97953273646,5.9842201664113865,1423.536745762712,1
3332.5349229204094,3.749718795922212,376.8076159303451,1
1865.385123178719,4.5728336536685505,1289.6918848164091,1
3239.0057761132066,5.024822864543521,650.8597324946318,1
2229.7927716139093,6.405349000245556,832.7033454076534,0
2970.456325662022,5.6411148492684795,326.2959945300107,0
2973.883190130505,9.274527758929755,661.2552934011757,0
2700.1691154093237,5.472671346152472,903.1574911561565,0
1452.8113561523433,9.929422133409814,367.4112928169268,0
3538.846987649866,8.662824619705862,889.3148752597982,0
2098.1841819208603,2.8765946292160223,1412.5327546301128,1
1722.251829119592,9.375356931795245,426.47186172936625,0
1314.170396353339,2.0472975809692846,1217.3288736906052,1
2854.5002409270774,8.357047376420724,791.6052640511912,0
3097.180213158391,4.4256096412892205,1086.2084574292057,1
1246.4459209979973,8.901768884005627,612.2839175822753,0
2633.8605632379868,8.812510210967053,491.39071504962993,0
1834.1881705542264,8.253328601058591,492.55513712547173,0
3006.4838131464594,8.110273926763552,384.5903347717736,0
1688.226001213976,3.742112251882367,522.7760458814917,0
3134.625666686905,1.7282735474612696,1097.063261986762,1
2282.8589696415047,4.626821608886453,1358.0287342122097,1
3822.8439684628565,2.561720634878578,1276.9508227093943,1
1585.058643608781,7.254559800122156,1122.161171849381,0
2154.9857829407238,4.11489753884007,432.5182360933232,0
1517.7258594736495,9.780491807739233,647.0249355551398,0
3789.142131179976,6.768748696107988,671.7682503869628,0
3656.550189466747,8.40232507270925,599.9483356771455,0
1922.2365576024358,2.192722054676636,918.0067916516678,1
3047.9553288957013,8.758130340453603,942.664577855607,0
3488.2221605634045,9.30481471462055,728.2631702053322,0
2754.5622724784944,5.3835572693704234,724.5469904837232,0
2683.021619396818,6.456276439758797,1294.2667174872977,0
1877.1864145212649,7.883288208126959,1247.1514179836227,0
1460.6877498565177,2.573547645343713,669.3549980168948,1
3712.204122269315,5.523094688170982,1396.5461326479112,1
3721.1705600573255,4.587967249950818,1443.3780204030072,1
2972.6840803651503,2.317365929460242,692.091050436049,1
2149.2834149363616,4.307809800623783,725.3099385516658,0
2177.7868089154504,1.6135507844694421,906.7609841063506,1
3232.6759008366703,1.232307162545383,1429.3449750404081,1
3711.908727867216,2.2164966023934047,1351.5833197707739,1
3683.8419879423286,9.668036004302564,423.08155510030775,0
3383.6515284013467,5.945765823055153,771.2768919256995,0
2997.6886092320055,9.69239945037898,964.0454276997262,0
1435.5919019861367,4.892480904971188,903.758967061848,0
1652.5603994649186,3.806345197767336,532.6356815242711,0
3715.9517278758217,5.555276765562197,1330.5801254017856,1
2898.0013670468516,4.955605197696191,1112.3289395962047,1
1225.751744526563,1.9509821583556952,1305.4900498221643,1
1484.12032002489,6.767436832211856,1330.5171352193665,0
3057.804953502556,2.9443436425863965,1198.0270243988878,1
1214.1724347694123,6.576291594080466,827.0527214996608,0
1650.2625439689962,6.85180983158338,1032.6561060185095,0
2736.454610226441,2.368223678157833,492.4384873436918,1
3137.306553539541,1.5521466439960134,1108.3745009698891,1
3025.4915266072812,8.026854274615959,515.1039068871369,0
1827.9540664895674,5.138203813923882,1132.7395086121883,0
3194.1018197731005,1.523474159549282,575.5177929047625,1
1864.2974449910403,9.953796854527905,441.061560180264,0
2111.1191548459497,1.5200250489672997,498.34138817154894,1
3290.1759343304675,7.255317059726979,302.3905622628843,0
3018.9721173322014,9.853110327370722,1162.4875414242363,0
3577.825549383698,3.1526209379433308,1178.8812588700548,1
3041.3160984409615,2.2802443181847654,917.9200198959113,1
2791.2640893393204,2.09246445480186,493.63536126646045,1
1462.289349918659,3.72947632810836,400.26520501282766,0
2229.604248566414,1.9094122990958202,322.9547597247444,1
1942.5666295088313,7.229452075247187,498.89781235826484,0
1883.1710014614341,1.5606261831705641,1369.026641979776,1
3924.4295533068475,5.584799153348108,589.8442100420182,1
2300.673629066929,9.970271684676792,725.1255926606589,0
3697.7303544959173,8.325732425554168,426.4145813775998,0
2967.188152792336,6.536974944079098,566.8335656978043,0
3425.4716499166157,3.756282587079505,923.0694849362461,1
2607.383860694538,6.6150625266247465,1029.3032197147832,0
2815.3308769538053,5.743373175204865,594.4227769994533,0
2579.049542692819,4.834750455013343,369.27859107014064,0
1746.6803658345248,2.1763933906617954,769.2394429528783,1
3222.865922732215,8.9794379371642,581.044045111601,0
1986.1626148343962,5.048061839391902,563.4647078757623,0
1268.0847060080707,2.7516026063868857,1451.8353632561464,1
3007.32242854007,4.309834157895606,1039.5605831108687,1
1695.909902339737,4.727167772760343,968.254131806515,0
3833.28403618816,8.447841060101869,798.9301242279863,0
3871.0000156072447,7.6025294250526185,814.7332001161731,0
3761.620292617256,7.923744042772058,949.086004605697,0
2236.4443607152443,1.099281379857825,1135.7157684433287,1
1243.2785262808288,4.745385983617854,1142.5753154181953,0
3799.291975245631,5.332097364717913,506.03268924653946,1
2398.91561528848,1.1727304914075103,900.1353024919524,1
3906.6334933222747,3.3383188787053077,794.3497140409224,1
3898.135935849908,7.842608408099215,1344.6323595232611,0
3588.426475308608,2.2339873515609914,1057.7027054620517,1
2024.45689779484,5.817791183073325,939.0048796991782,0
2278.273640085391,2.9368168481551375,438.47357061470086,1
3583.182680247199,1.1090869717950396,1026.7654671880937,1
2087.3816144375774,3.1708131183958734,440.6446868162801,1
1674.579690721059,9.782863794190485,704.6478906789025,0
2759.0435348833807,8.213834006946907,471.4103577771982,0
3821.2333676501867,9.636189798889301,1130.4883764292426,0
3148.8834306899244,5.390686395337262,547.5025366033831,0
2796.171276250222,1.9876257880975317,770.2312478256313,1
1472.094182558152,5.931635400763237,1374.8097331425345,0
2922.020234757675,5.089396011039648,545.1796600787643,0
3972.1507802919373,8.599213744656543,909.366076750535,0
1592.2352426622674,1.8827432270582012,803.1259933992264,1
2651.323026618463,5.394170233196004,321.74884925487567,0
3656.6446013982754,2.3504379822458583,1251.3097362873755,1
3274.1521297117724,3.9220833420105397,382.85508757751967,1
3151.64407478675,7.636213696490197,869.1060251723443,0
3166.9554351639063,5.284163164318898,972.8139539267399,1
2206.575223415314,4.382994566311924,1054.1117479375043,1
2022.0571639405814,4.550286507130318,1126.3579551694506,1
3466.211235339838,5.13502091565388,603.9268602272581,1
3468.317505101706,8.065148894533511,311.97453199013927,0
3627.80249202429,9.02876220046211,1168.1323948258944,0
3757.0735471581197,9.598012178535354,942.7879192170943,0
2631.7587168106256,8.082130476297657,1303.3412438486985,0
2604.245625124159,3.8386620617321148,1285.6660354808332,1
3435.2265011069703,7.193212354778879,1311.99140134546,0
3019.899006177742,4.938428116498527,882.1135919754482,1
3165.5072563215695,3.2920355984144605,700.3540750042388,1
3428.219474421083,8.567844214833304,1249.869843109644,0
3692.014957089186,1.345837140660925,841.5529356351059,1
2146.3864391843003,9.115857929218812,520.1306356841214,0
2251.632267391843,5.153297181622607,1325.9688234737691,1
1463.1494315544332,6.7348132912745236,1359.0718521268168,0
2819.184394789287,6.934185299852045,859.5717073682041,0
1300.638366630878,9.056059666358827,390.839672771745,0
2503.674450770888,6.730027139504866,765.3913079003175,0
2719.4049771812142,6.525402262840556,1264.245191355124,0
2002.3155059591963,1.5998683650462096,1382.1288342554744,1
2854.3331295932303,5.6656721975068365,544.1672909971151,0
1285.4006998293385,2.3515210073533748,380.36833443032583,0
1304.5749284978003,7.6369039184933705,1352.8205437594063,0
3503.281569847043,5.60999728731407,767.2859267746503,1
2208.5337959515364,7.12205001287518,950.1131571210759,0
1555.7694354252774,1.3750561054214585,1461.6789744609107,1
2662.2811281534523,1.7631281444122289,379.8776734970674,1
3355.9819486761103,7.4469104925641405,1077.9816089425146,0
1804.2988769911608,1.6487590239880603,388.92650708984047,1
2944.0933322932005,1.6413105498873275,750.5627141598004,1
1438.9729019825504,1.108976277113987,1264.577454232136,1
1344.7088192721017,9.60851258469532,820.1666793067612,0
2687.792968390814,7.637575235131062,1496.6188246835404,0
2713.7783405082982,4.179262676518578,970.8711419359227,1
2984.8037241949783,3.668820231588897,685.3945831631443,1
3233.055734423452,4.147329067712646,564.1335910857038,1
3932.385822495097,7.971881780630636,720.6246411433942,0
2645.640975243347,6.95233549963373,747.039928511461,0
2104.2781242354886,2.6667601108072114,382.4564132687532,1
3426.52134535237,2.5669840180067593,743.4890393121277,1
1958.3303035338079,1.8855608474205758,857.08622368707,1
2429.119977975781,6.942724477312043,1167.2853026865655,0
1419.6778677583447,7.8793539599956235,1088.0753816659294,0
1270.982081563281,3.385417854925036,1150.5187862749851,1
3895.41556109819,1.1885046492782152,310.03641825222854,1
3540.7443374341765,1.739545007287846,561.2008794966432,1
3148.727777062354,9.710740313605275,1094.0211460798278,0
2345.0682443599558,3.659002997296782,880.7872418156966,1
1685.2240961983682,7.923008330543203,306.3761708020151,0
1638.023719479041,6.621972119688374,1265.393570918187,0
1900.680114860867,4.437456756876063,1227.3714879484048,1
2737.8346611771376,2.851185359759996,958.1029955922752,1
3200.8685835601746,2.092477763434658,379.7559909315265,1
3048.5526548096477,6.5351167123498,1219.8180594391015,0
1983.81491144864,7.971704025740092,1000.4563052776367,0
3873.6227858569437,6.795138281870176,1238.351972589551,1
3266.111366748152,5.772719199242425,1202.0963908750086,1
2752.191347031922,1.3775610108847265,1263.6024863494044,1
2912.8180894561865,9.716398998349455,921.6096796855497,0
2374.880174797812,8.18842772489117,468.389421832218,0
1893.6467706032408,3.6353983303086825,1105.3889680556263,1
2196.7235002235325,9.819732964229656,1044.5685420623647,0
3321.9691093002334,6.416934306726899,1190.7038246389047,1
1240.3017681633164,6.241803923865218,503.8572072608824,0
1525.0033934193655,7.732658614865789,533.9702398803471,0
1328.8073976609078,8.305928092811238,1368.4914206631943,0
1314.0406464931164,6.9083074659835235,1199.9733581424848,0
3595.2896352308203,2.1528617172958002,1389.8741864403876,1
3170.2420062640663,4.044407553950485,1210.458385396705,1
2527.6867214445106,9.352752762934447,1016.5863671883623,0
1473.9356498228042,3.0215405065946674,1084.9592844334484,1
2576.5244503271306,4.34950321453762,1366.953508728012,1
2525.720958185584,4.888691946497763,994.5681054143287,1
1684.9652357480425,4.95464490725007,1058.869589194065,0
2414.7846178663244,6.5164562424507295,487.7720592043207,0
2315.8132563126455,9.487682539702368,868.7054641393232,0
2924.3802745462062,3.1662344064925447,1159.6765343497186,1
2978.2622224294028,2.0935123867082623,625.1312379796385,1
1326.8512273617246,2.777234408739436,542.7050166294418,1
2248.915320954119,8.982324101883425,676.5921698692987,0
2952.407763999862,6.812297313896854,589.8007535914002,0
2608.7815240242453,3.573161103152441,557.895164443675,1
3598.1715553273025,8.343522450717554,809.8210114417043,0
3044.342168533046,8.752329967270924,1389.406216660241,0
1656.216395828003,8.618629048212503,908.4715760864619,0
1397.5924927212036,9.27033880275599,525.5044569783877,0
2998.773978977684,3.270169181560254,392.3660032570489,1
1274.2316695165412,7.795377358716505,1135.3873741655102,0
2840.1716275656972,5.14485547546726,759.3585173236654,0
3832.6446759898813,8.577986976010553,1286.197135902431,0
2811.327698052461,7.5564160944545185,1091.4129223689242,0
2286.8757933782613,7.9880270184975215,1255.4897406496423,0
3001.207011638589,6.905456539129643,626.3352473021384,0
2483.108093376247,2.596858925227362,1130.8307069532698,1
2727.727010084618,5.905242270072445,616.8743816324625,0
3836.1014645742703,9.862027655720574,1426.88217534035,0
2281.087385842168,9.43649259847407,1063.6491378400492,0
3891.33357870696,1.388563622173105,689.4141602104105,1
3734.9817974769785,2.483333341564934,623.4142347507272,1
1748.21517741003,2.1855589610910573,529.1119020859722,1
1394.2116424504634,7.53381918986766,1133.5691506724734,0
1482.1784038567946,8.360067968712507,562.4587355975127,0
1251.0211118243392,2.9216022967960473,1014.3639191129869,1
1464.4402901165995,5.552674236566461,617.5620323104288,0
3112.418965565799,8.5663272521008,1094.3627337526423,0
1399.3282156886412,7.595213902896255,1277.927674248647,0
2093.1317648225317,5.880134849426635,1233.6302917735838,0
3565.6508707144726,6.313129214128956,1213.0215971169382,1
1265.1614200603124,5.57524492224652,525.2668868307024,0
3480.51175124902,3.677936061869385,406.06193638142247,1
1989.1933693655199,6.085197935731145,1138.7385941848627,0
1530.8615173406374,7.199967718450816,742.0166565532215,0
3150.864063019622,8.859906242747268,818.8154716840168,0
2961.039970983675,6.726622185813232,337.3789113520693,0
3656.9216378757483,7.850093833388422,611.491739130059,0
3258.1989226508804,2.4406447145911567,340.41168464935686,1
3449.746605077576,5.154017269778109,1355.022927121497,1
1989.696803199658,1.0839845784438396,592.0760198622365,1
1696.8307225832239,3.220109780694607,968.8046034876097,1
3301.721304594403,7.5381554360170435,346.7751847933565,0
3459.137269948339,9.926289562144271,1100.2168695667897,0
3973.4143976018854,1.8926028962849433,687.6328149049127,1
2355.3294953519944,4.613448842751595,1377.503024349199,1
2241.650640219793,8.200638718292435,1365.741826720843,0
3373.9562900775913,2.8363207116600897,690.3487420340973,1
2154.24991270845,5.995764543720576,1381.1530748285616,0
3806.1205116899814,7.597641664267073,1495.3892081985346,1
3603.5557051604333,6.543869052341611,1290.4987969487377,1
2401.183276650051,2.692222611538745,1313.8456173062748,1
3302.4389898161926,4.198461118171655,598.8104833309079,1
3312.7200474371107,8.054126060368574,992.0428786293076,0
1488.7468327406114,5.98803862718815,380.7070967608414,0
3727.1481387027866,1.0470665218862147,413.90152418600366,1
2614.706642854,7.848916840252844,1498.6711344399487,0
3514.0809051016768,1.3178021944621516,691.9670993110931,1
2096.138882885713,7.711604044581089,1197.8206944586157,0
3707.4650397893615,2.8223250414871366,1267.9980636321798,1
2289.7647004556566,9.622661321074421,1329.627925208675,0
1230.3454241448353,4.31146676171876,1497.1539568825879,1
3735.069533973938,3.942384547042712,589.7957823082414,1
1455.602695001174,2.339992452992002,348.4209922316396,1
2094.078185253162,3.750437939411934,793.4298215935032,1
3860.1735077422536,8.889856856453804,456.09680379473633,0
3861.7000114251573,9.967009038645227,326.9110669944661,0
2805.626086745201,4.314785774561635,732.5121925697833,1
2969.144194075438,5.037495678590883,1240.4859012902837,1
2455.6474615392954,7.498638443824634,979.4168294700851,0
2020.9901607545808,8.97576202418567,675.3335870524248,0
2120.260727035765,6.337399007681057,1085.2104065912636,0
3083.0516770157074,4.523731283600464,578.4218163705729,1
3306.648682425504,4.713596567637614,317.25773528650205,0
3416.4213224323757,7.260563318471262,1217.2240637237128,0
3410.930799824751,1.0289643724385082,1048.491701836811,1
1455.377088536333,6.576304037138566,1214.763149401152,0
2584.376853167228,4.199437093972216,346.72562002519874,0
1361.1645280466041,8.147775981493758,1304.5435533967825,0
2738.6808705064595,1.8369157584081894,1043.431440043564,1
2436.2854038454557,6.2938204025355144,976.0744208551681,0
3685.5717117232393,5.328756008975113,1049.536857737438,1
2182.56203514582,6.780929733147047,1337.319896242037,0
1527.7876459972963,1.5836823503467152,1004.3238078706885,1
1600.3767097479404,6.219854086853181,997.1404558658152,0
3332.2297688089225,6.053361291635714,1488.814988478919,1
2931.010577285531,6.045940849745539,1208.0762004822816,1
1483.1434931438127,6.431388999368093,830.7525665413623,0
1435.4990571219928,7.08821143503726,1148.876400039513,0
3162.7135680855363,8.244900997126928,767.0765660301462,0
1403.736417819742,3.428386481153929,574.6505549801988,0
3501.2081660129975,8.425444691620559,1016.2222522653113,0
3177.4782360381896,5.484301140371082,1413.8185177367418,1
1427.7765857973193,1.6935245122089806,1414.9674240185552,1
1437.5455994385375,1.5269583631958128,710.2863337265884,1
3962.590819803291,4.008144868264547,933.212959466034,1
2247.958228117137,8.064072794003208,553.9630782838335,0
2237.798011787295,7.369128412668242,1494.7573313986602,0
3475.838788321007,8.09753468205166,1477.341489441523,0
3852.2960166748044,5.655421507974484,1079.4107156489367,1
3960.8029787040387,4.961790981599415,1265.296871612968,1
3309.4589187250367,2.3270727403565554,1158.1201935404401,1
2253.5268394865643,3.953734782483804,1011.7898628473619,1
1433.8020067562725,4.9061742955648775,364.01759638667727,0
3376.011364596823,1.797403867116555,845.7172110631933,1
2763.5318992602542,2.985507574400901,1109.7435626008928,1
2387.8216258915336,6.384027646573649,1113.0379366604216,0
3737.792278265261,7.620968028152708,747.7471421068603,0
1511.3529504572239,9.985127602536547,1430.0303839896367,0
2579.3502920144056,9.39801998209202,500.8284386841372,0
1231.7902053487735,6.783086795816724,900.4313354586727,0
2512.2497975835536,4.791232479646649,1129.0607718609872,1
1357.6491719091446,6.725596282374094,1136.562967070171,0
1532.6901655506013,8.070864562722088,1078.3667481225787,0
1529.0734909758937,2.065025718310486,630.3458561422322,1
3017.788845924978,4.689144007266594,487.44788242394634,0
3288.9256619431853,8.558220570720554,1063.128392192053,0
2833.4325422720467,4.4544965673973955,1019.1625393673253,1
3894.0831357287175,6.146850441044679,515.2272123470891,0
2249.6376226663715,6.289924247759784,1146.166974684676,0
1999.9938415892102,2.6602862782027543,846.2063900803877,1
3632.077558930489,4.260118974870595,1101.3127099237836,1
1826.0683478544674,4.01060159867739,1304.840495724181,1
3897.0231104337117,1.235770376788583,503.67411429230776,1
1234.0325291314857,1.217725875022197,322.973841596204,1
3915.6607147813893,8.485273393081961,1234.9231036749443,0
1320.8477534616131,3.457637289755312,1031.6369101831392,1
3695.200718354599,5.662708896149339,1139.567483546546,1
2677.56310544164,3.6885301622989575,1305.7859699863711,1
3980.301429134041,9.466113206038065,1263.3731217894006,0
1406.6303812591168,3.3336708297919637,1453.1041763145895,1
2750.791996323698,4.866911314650416,943.1220946225419,1
3914.047099733477,8.854572254361416,886.1947591918864,0
2664.673963676417,8.577402101126278,782.2646398688761,0
2962.316186778735,2.674912760616496,484.42925141304545,1
3148.096329156928,8.223789788161394,987.1286794584269,0
2472.7149813497654,5.123681980641034,632.4150291911745,0
2957.1626242353777,5.346719848768197,1405.5690146555705,1
2836.080073384681,2.201319751743494,999.828965132517,1
3723.242429374769,1.7254136238141218,1011.4082166097322,1
1327.249864956082,7.551453762763886,725.909593052412,0
1986.6969308582447,5.468150371197698,362.38722237324896,0
3861.1521554143646,4.931656323536616,338.0925184475864,1
3692.7385948945657,7.5655740578715704,808.002172983837,0
2475.8389077999964,7.889616090919988,401.4784537166854,0
2936.371273844303,2.430173509024182,1028.216346648167,1
1976.6673123471714,6.492026345298772,1357.167606767589,0
1726.7392472265317,2.2181867404991698,1359.4977798224666,1
2498.35553383195,7.762375774261411,1090.854492158679,0
2189.3862384729478,6.912596406404256,553.4781977675173,0
2834.237113182442,9.609531589751121,1335.5961976306464,0
1417.6569835019575,1.6206221472077906,1363.3121223758499,1
3928.305461465266,1.5134924903612887,535.9843019435505,1
3961.390084542888,3.539683672238801,1184.9113029248128,1
3154.8527992552863,3.355351153623154,643.8234587125476,1
2701.0698257635368,3.2228091916479986,1263.1683748235155,1
2066.6773256017177,9.15629122468933,1496.6854798843233,0
3478.626055179456,3.245915798645555,336.0312063952714,1
3117.247283150862,3.447547535157679,1376.8390389491183,1
1655.3274301656957,7.8345843617616735,1047.1566403183897,0
3750.596116582759,5.04765858205486,1468.0591429977853,1
3503.104280184873,7.990395012596631,858.0114210317131,0
3859.4397572173875,1.588295418079467,1316.8655166856483,1
3232.0146234874082,5.388140743060458,374.8728823179327,0
2917.5625486202116,1.3025224016495436,702.3348600939548,1
2371.080501613733,1.5638788310981906,380.41984530145197,1
3811.6397533912373,9.157937080099698,1470.4117601748846,0
3624.9788906011436,2.2532083400583565,1280.368688726204,1
1326.6122762973303,5.791786140476954,1323.0569054951648,0
1273.8275285923055,4.699860423406359,1425.558277720673,1
2254.097427258539,4.126089936329584,402.1241833437424,0
3469.549326189132,9.098500111185452,762.717111016,0
3964.3731620818444,1.1964105709794055,385.24186685280256,1
1621.167295089879,6.9741071755803015,552.9517218600344,0
2863.5660029859782,9.670549907921954,575.2389324452068,0
2266.49439856686,6.041513651156578,862.9286532570944,0
3915.760313880889,9.431402158297827,622.2746009443711,0
3557.9329847799845,1.470320913574214,421.1737281813133,1
3547.320373191186,4.769139871667452,500.98930691292924,1
2512.3408474259168,3.3414201186584602,476.7306762625091,1
2361.4946065454624,7.577388684826568,1467.692157494758,0
1965.5398014059774,9.83167381447522,1211.1510083021683,0
1357.851390622596,3.30877056199823,1461.3137583234743,1
3621.222653514149,6.88757141326667,827.6885838094903,0
3476.1228255642172,2.7828786948376614,634.0421779951879,1
3999.2094852011655,6.087972291144489,1257.951836651024,1
3990.583143806935,5.175392380195026,691.5047016493761,1
2755.208775687357,9.748047966683833,659.260048446418,0
3353.1647625054293,6.476745454268199,579.0071906493974,0
3845.3440436707983,4.145557348781369,455.61477386908246,1
3579.012693896752,2.0268620639914,607.7556732201192,1
1892.5746848809536,2.361221458614411,726.3836981686652,1
2461.523578868262,3.0278523695611157,1108.7930497748766,1
1561.646362424186,3.258699952062682,375.0778106633419,0
3871.342876324423,8.65554452057024,552.6083275984115,0
2897.2889764624642,6.051005094542724,1270.8283683500117,1
1840.1998554096956,5.710518202369298,476.3063083005249,0
3080.761916336399,2.0329198468229572,711.1741758270259,1
2930.759073282108,8.741257240144915,1337.590706229768,0
2202.8556104919535,7.5053287288763535,485.9103733721312,0
1517.9612581589613,1.6090152571000143,399.28420274182787,1
3080.404947659839,7.370515875067918,881.445594096013,0
2656.861562530621,5.8918439560838145,662.9034135342437,0
3362.49149685979,1.7355281117210044,976.090037380625,1
2656.4578031135816,5.124705773757908,1264.5658685801702,1
3586.1082008919125,5.362266584170423,464.5781857832918,0
2745.3391485685597,2.4919708614694818,996.8389014651419,1
2770.6263202990813,9.51128332300254,906.6105124678367,0
3654.630087443366,8.649778343325957,472.89454321583946,0
2329.7520253947114,7.021201035961975,1048.7981826347789,0
1575.242639661794,5.160660049005465,628.368501432926,0
1280.591493677349,4.705889874260577,885.401182252815,0
3314.384315886133,6.858761204358587,398.72678913247427,0
2936.866743789701,5.908886824662149,851.5008686563476,0
3171.423350677826,1.5604579529369706,667.7561616513844,1
1796.29965222495,5.612523838932985,1286.8574534224254,0
1581.8401316429554,8.257632555095554,368.37447239684195,0
1240.7250638700693,5.133158898372622,802.328729901996,0
2181.6451646584715,1.4676091979884158,850.1177089577257,1
2851.769523192973,8.076503794456297,1170.0072915589426,0
2298.2833262792506,2.8122740392237695,989.1450901082532,1
2424.929781666441,3.327587513992349,1100.6548046330172,1
3731.6443445824957,2.482357180890663,1232.4591427821074,1
2175.115307665241,3.971935583843478,1334.6435683898264,1
2639.17056964747,7.810763551197716,676.6505960669647,0
3394.2284356752007,5.674472735535436,945.6272464366835,1
2310.3197904995563,2.843931467356413,1308.1296941270398,1
2941.8427606380455,8.900470703368367,1487.3413571580677,0
3614.6183844908865,8.916236694563763,1367.4231732525159,0
3858.657746241398,8.835205825414063,745.7607151492522,0
1611.8057466013063,3.1491659024338534,534.1998206623805,0
3794.4453504521844,5.061154097628893,887.2710448879064,1
2577.925620622707,9.864906905267876,1189.9697422032507,0
1923.0842872370833,7.948112286789914,891.082884903957,0
2485.5801174671315,1.2445067910300383,879.8170359764022,1
3944.091210799336,1.5868413213444286,1305.8765052981607,1
2579.330663180035,5.175382391310995,733.6845348806237,0
2120.504508805023,9.182981852754041,1331.7536097739749,0
2973.522392086832,5.848316181574428,788.1657611420683,0
1872.4077325789406,5.480312572308612,693.8797268140073,0
1412.417318704259,1.9492632996096753,844.7878934396388,1
1560.8632213498179,6.911020942518647,1214.9363504098421,0
1558.5283490817628,8.39892844540203,451.20243343679317,0
1625.3275418344242,4.423780067568061,535.7030590464209,0
1588.7160834183483,7.980506658327947,1441.7337907957103,0
2994.449285449001,9.680289885107305,510.5899528576289,0
1709.2642363176055,2.833898132149202,981.2727815172655,1
2167.868393306817,5.709966680752672,995.1773599943255,0
3711.007547736833,3.58424162276118,887.5493544602938,1
2527.0925927360427,8.135689771304554,1073.6942982921823,0
3069.161667858876,6.198340292930418,575.7920709571422,0
1682.4956393645634,6.711241757952734,963.1947213320979,0
1738.409252664278,8.181227436543047,746.6079062962765,0
1314.432125546141,4.563734253962094,1094.000711555027,0
1673.0181766020607,9.23581061566339,469.46825204777934,0
1980.052949289484,5.797259805215259,985.0529002073715,0
1695.629355974891,2.421593405518132,522.3244264599884,1
1448.3670945197557,7.263092063519222,634.3716757380437,0
1537.7804390816823,8.13935215394429,562.4517603882998,0
2490.180550491632,3.85085509360774,519.4053358425806,1
1777.7344115362189,8.714613312988778,1290.8531418728003,0
2219.9556109346113,9.155289292891897,642.8490811930684,0
2609.5683583935993,3.4921403864002802,1412.5485382373392,1
3133.105520162223,9.851693254436999,1463.9118304142291,0
1310.073991555077,2.266403752438826,985.5125639245168,1
3438.3491169453196,2.81814101562241,471.6013471988717,1
2958.121090574542,2.658023553142235,749.4578920554975,1
1428.9252894568413,9.045907390070834,1257.2787160178568,0
3646.0201474989763,6.8886329709246565,740.8688744364845,0
3778.442721489077,2.3689385490004558,404.4206619633465,1
1371.0182875936184,4.962910765315141,968.1418931138255,0
1975.2574148121703,6.5376822256282185,1314.1450217952417,0
3457.3635834205716,1.7511767649044496,1255.1116645722027,1
3295.1271330742434,8.94174731566605,510.1477681564239,0
1716.6588541978565,8.232431818973817,1107.31753729496,0
1786.178105342789,5.5468609621897444,564.6051161227765,0
2237.3218878158696,9.704139537332534,561.8490414626067,0
2556.6643585348597,4.759848813475897,1348.8861279662221,1
2931.1133602848286,9.85699287132848,599.6027432882762,0
2232.9581907953625,7.011279989232643,615.8968158216135,0
2495.097205172814,6.712041459285473,300.78406891355945,0
3292.918626774518,2.493594057662065,1344.8028409506212,1
1302.7129680936741,8.937349824741796,1251.1137758509617,0
1906.823444163258,4.847407191285536,1052.7947221088136,0
3197.3788404767465,2.460100652042314,1200.3189167266107,1
3706.5791455241583,1.1134676797818313,482.45828090939017,1
2632.696837923865,6.037801152745443,849.9883135050906,0
2689.917758742884,5.746596599104087,721.463264818537,0
1500.081631751373,7.474182601322427,412.53183150841977,0
2452.754627105673,9.01232247716022,883.3565822579089,0
2691.328346074065,1.7146592617872658,1404.8875804111624,1
1878.917410177243,7.583468413063261,348.0709428608334,0
1953.8810466582668,2.68670749687824,649.7530961925527,1
2256.3956566929437,8.723593478414475,549.0491234468442,0
1256.1993537776339,8.371571624754905,585.7759843988356,0
2101.8216636328993,5.867143794869899,1390.1214622552504,0
1792.0544195903249,7.392185187609804,861.6828650811482,0
2116.992586098161,3.8291510186537354,859.5592955277825,1
1535.3339690939033,5.240511090395332,1212.6907709463387,0
3693.4763860717057,8.394732079394245,485.39064480591094,0
2862.0588699513364,5.133386774558925,884.7184249200609,1
3101.4864936045706,4.220184387928976,815.9822569452716,1
3409.679468100547,5.447912025252699,1016.2928286559874,1
2595.6381570013605,8.454243271934965,1499.4692439005262,0
1443.3768066447863,4.016872426337855,1223.3386728984565,1
2703.8983170919337,2.5638543382216943,777.4388436209126,1
2843.155130458462,7.408126182977027,1293.0636627288563,0
3287.230527716124,8.433803914372735,504.8500359749762,0
2408.6467294431022,1.9057373067118,336.55642357075214,1
1557.2248478275785,3.1588670148035023,545.3380469571276,0
1994.5725362364285,2.277747907848945,708.4938673371116,1
2216.6304299161784,4.131472704239499,912.6969089514719,1
3008.5682757284835,5.053158810148714,1038.1549686494398,1
2798.1792530729535,7.739437032669758,1392.7268606573061,0
2197.0708325139694,6.860328263935067,911.8248114605492,0
3962.242696620343,6.588357107305881,901.5307735508752,0
2896.1694941992837,4.171374519486889,360.2916117875786,0
1864.2350168607845,8.57302797776284,341.8938631874686,0
1484.9909233371304,5.241584506583481,961.3919542996465,0
1628.0055897161296,9.81194444213639,825.8143358980134,0
1888.6816394766229,6.707279244661631,1307.0164739763584,0
1649.907845126756,2.1363826740805245,492.81550165421424,1
1722.3876673436562,7.085598058678906,329.9659945404595,0
1998.266472342772,3.925936138885291,838.846521516151,1
1685.4460668253134,7.1769447701748765,584.974268102709,0
3710.9431889539906,1.6267703334616517,359.53724800660495,1
1424.654487852598,2.5739329345836346,1169.5179442171548,1
2668.6318907967134,8.701635330152076,433.91159994869696,0
2349.1111155710523,3.044616013211634,1029.983400009326,1
3950.660127344098,8.53337012718646,637.2597002002669,0
1513.7089260705466,3.5134847960896938,508.19526042602644,0
2313.9956773280765,6.785937190528369,755.701827503181,0
3914.517213171033,7.247355161588479,1261.7349314675444,1
3623.419952503145,5.613892778305477,770.5122922854872,1
3487.801798657984,3.7477960902705814,1200.9235790532668,1
1922.1279157258314,2.913799387339865,450.58355615898085,1
1678.4852446921843,1.298704191061836,1227.325703598095,1
3072.201015788407,3.7355176111665145,584.3199898879784,1
3802.2527695572403,6.878465114781547,1112.8717558666474,0
2758.9361004390034,9.444743366036343,978.9378658091956,0
2800.5155305157195,8.840840340367468,1414.9736606540248,0
1983.9414622487957,7.8945829888177235,764.7870215703769,0
3354.5802129374233,8.096026089279688,379.39822660132853,0
1723.7224959610653,6.984864131283957,322.98658266150346,0
2106.3018619318823,3.342581718094027,1292.2302731673037,1
2391.222028125967,9.16475527635247,929.6827651937186,0
2621.3090603164737,7.036590807152506,1230.292862201939,0
1878.7472507622247,6.04396567882396,581.3107200138177,0
1521.54310926977,1.9989052229213295,714.1004946158805,1
2909.736118836571,5.023499894257829,336.1246466535827,0
2008.1655490727162,5.143224440817336,1453.7907894889345,1
2827.4670199833145,8.78107248570403,1101.441488040976,0
1632.2156027677665,5.919833981690096,1419.8461053111675,0
2547.1922851934887,4.423604940733687,618.5956889148868,0
2691.2504111444405,9.791202956595933,1033.756333470793,0
1345.1059031027953,1.9964853399368412,1114.1999619511653,1
2142.4919789429778,4.802935854807501,681.0596403091062,0
1576.361095429128,1.3782220765426476,1317.731082018756,1
1377.4499173237496,7.659137086902373,1436.5937554802974,0
3971.8886506918466,9.262688969792356,1361.8261412352051,0
2102.5907659292243,3.5203359659544047,1186.8803711272471,1
3467.6484483929776,8.725075091192089,632.9576156699449,0
1912.993833338539,3.62996407415708,637.9392505267581,1
3108.207622227002,9.196931454795237,1456.0323845352455,0
3328.6380076911223,7.785657132371055,312.3413951228304,0
2867.788473701964,8.244160991572947,1159.2599678905735,0
2520.413327940443,1.1620590004040905,1147.4953950663146,1
2353.154559612352,9.665293213666233,1047.227449139757,0
2176.831146320387,7.540038928632909,1488.130615304239,0
3802.6816038939123,3.7427598584751998,674.2553229164703,1
3525.7343418056416,8.464551983729622,707.9662365518977,0
3902.0753498662352,3.5336907857343696,394.72728353586666,1
1548.0322257595253,8.85478455609515,831.3577638524849,0
3246.428930570204,2.013223513707433,613.2582314818177,1
3827.353279098906,7.333173797147162,712.0640426131731,0
1707.4525852638485,5.866286289804193,1301.4861483067532,0
1386.189548626977,1.8688102317589674,1422.5814162329948,1
3275.1378180121656,3.177044454329551,522.8796864062227,1
2808.5247169037534,1.111636326495833,747.010717864159,1
3557.1205749231617,5.218911689180553,1414.3566745384728,1
1591.3626545536106,3.711387346840003,374.17015282706717,0
3426.7484732076923,6.38521735867983,410.83263373365423,0
1764.5564961336847,3.675140269377555,495.3491870474752,0
1658.2366400239725,3.699272003562862,1014.2554009522497,1
1659.9442342067803,7.6887387885844305,480.56672520719695,0
3480.80921664787,1.4332855238051811,1461.6916577408801,1
3062.55221794936,9.126054956727884,836.0574327102244,0
2664.583189353534,8.670374869520632,901.8215524201996,0
2204.725355545807,7.0102421490376585,595.9903389664878,0
3656.161514276703,6.338994130966459,865.1523029216802,0
2298.846300783379,9.03072248325687,1094.2963591644138,0
3486.4784305204157,2.66797161575843,1201.4125643448513,1
2429.5777439966114,1.7107224597174575,1204.6416992518957,1
2255.4444023897413,3.155591529185843,993.469335232906,1
2495.5033998748977,8.151204508301714,1385.2317299926287,0
2043.8580476595978,1.31203240053835,1280.889416767331,1
3293.306264493503,6.245261515751407,1208.4577376383504,1
2607.6170922589417,9.95893764572179,366.72662601655276,0
1850.1955464110883,8.701264844537855,308.25355466357917,0
3718.808805168792,5.693011201392305,554.9367326345675,0
2274.895419844992,1.572768183579781,1096.228312696143,1
2721.948011119168,8.482361629471388,793.436986659055,0
3738.1219107007314,6.390806573594895,782.8875111591741,0
2947.8663885591777,2.0343969735361016,1361.5042658755365,1
1527.3145139834194,1.844715563410206,1374.6754177582065,1
3831.5299461177306,9.186641374929332,1391.010316864303,0
2957.5825485999703,7.022802366442706,676.6536918180327,0
2137.7357210398413,8.4635811938508,1129.266975287114,0
1589.9618034574844,8.910810102540406,625.9598175292435,0
3423.270529956829,6.1459511684349,528.7317996893397,0
2936.203716599838,5.657017165795372,521.5589488168431,0
2693.6910575337006,4.873846692888912,710.5291450363129,0
3702.8992325426816,3.8525192901200738,815.949143735786,1
3408.072191428686,4.911363647728406,1297.1390052660822,1
1624.6896632517032,7.964916901571407,443.8693121672545,0
2072.821789827535,6.417310879136184,1181.911016873873,0
1895.769591480504,9.032709609593615,937.7458970271664,0
3283.0496192034957,4.99042012941269,645.5344112111909,1
1293.8908172601823,6.463806208468786,891.3835014393895,0
2795.691117639686,6.681767977827898,659.9304837324271,0
3334.8843200739334,6.32527446075693,1015.2983462859672,0
3654.9437829328986,7.323703957769647,820.612707426293,0
2157.828896404541,3.1369012153732565,497.28663489465447,1
3499.520453081636,5.611273997912116,439.8996894668361,0
1509.7688634745803,1.938023225275129,956.0348184865562,1
3570.066416856651,4.460601948803313,1382.895639943324,1
1556.968254529551,5.38900361759138,712.7492238692226,0
2312.4044135690283,6.870018335909252,1179.6001286671478,0
3432.4270241827503,9.55477947327583,1090.3936259277202,0
1619.7687965765665,6.405859598935203,1417.8658971713771,0
1841.903906651396,7.692345245589038,1285.177220758969,0
3222.3071915005858,5.556394535456825,979.9263106865556,1
3216.102302329008,6.706936282386982,1088.4365978809287,0
2995.2133720788324,1.638389945203961,1378.063759900842,1
3143.05564450788,3.289524227576623,779.4225415043218,1
2719.628441373269,4.256677838846248,692.1536470293329,1
1905.0373649394678,5.252440195058622,312.9733003622356,0
2167.9487818109747,1.4108387095214536,1291.8612890297572,1
1708.473607043992,2.2602168779798593,1261.1768404840377,1
3743.661571734159,3.491328770121752,425.34542172018166,1
2833.4970253451374,9.743794218109455,992.2288573592402,0
2322.3839669381914,3.9821230639274567,856.7780378002649,1
2493.6162502035713,5.338369523008743,442.45091461093375,0
3852.393350913083,2.764879414645536,1476.6818724728682,1
1629.3839287250246,6.497020639681915,557.6350649560266,0
2841.443529647032,3.5261489396437686,380.68101610867336,1
2616.4883008765046,2.8629332059458408,1013.8168554022915,1
2912.071859217014,5.649153656013811,1186.6400125596392,1
1250.7085146983534,1.0495521924437874,338.93213525662435,1
3641.946945043624,1.0689762938430278,1090.4611664724266,1
3809.9311909541148,2.9716192819167198,938.7502511417454,1
2782.3729140497853,1.3304922625073903,423.9180106500581,1
3150.622306855298,1.9722317871762223,507.0286523356345,1
3782.998267296428,4.049745844048765,981.5691567792966,1
3180.268176077516,8.223271116218315,655.6291362159461,0
1627.1093201599317,6.148437790323707,1425.9788743815793,0
2813.607408467077,5.614009533607748,1282.488275380861,1
2898.802129871997,3.6413994088730948,1480.2806478163957,1
2387.565879646681,9.385783474895348,611.6050067404967,0
3262.043859749224,4.573135371134725,1463.6683593575724,1
3816.227641353242,1.7838349011619434,817.4806437498694,1
3791.5918361389736,6.5535986450602115,717.0225543765055,0
2462.35023993157,2.0245455412894127,360.4194323632239,1
1517.0665283541148,4.107008285215229,363.3183094315232,0
3957.5553570945367,5.56670744846028,1130.4135071359856,1
3548.9146420486154,8.868002722166583,849.5147933208335,0
1549.055507369147,5.441919223061068,571.8259512433269,0
3778.3572713286426,7.3203288942849785,1036.764367590279,0
3635.709813773959,9.935351550991633,603.4297419001334,0
2652.746559953002,2.1834020790818345,993.1581052133071,1
2855.571220085802,3.4725837296756756,731.0504963792284,1
2317.2075708363645,4.551184680378817,1288.262671934183,1
1353.3325887016877,4.796453606849482,1284.8353929201353,0
2138.5522766085223,4.699189677389912,872.8204777468816,0
3447.989656074432,9.168499023008994,720.9829312020188,0
1212.969664412888,7.426293800201708,735.0717558709134,0
2133.797680735204,6.471146926816334,1266.8574308018615,0
2314.872342054641,3.784354460765039,693.8153793571344,1
2704.707688226184,8.414113457991652,550.8712484482153,0
3775.5957259557294,9.5955446033649,401.6260102503682,0
2169.7687842246914,8.390784542952039,860.03174506129,0
2171.4689653094374,1.0140859467232561,878.5585187038103,1
3265.0034947072954,6.727612331650663,1309.0904524834887,1
2466.21023449146,1.4602184329789065,565.4864357352767,1
1828.8935042319495,3.318464983003497,757.1895284020799,1
2466.8306451715416,1.5357223031299452,1270.086886672429,1
1594.3996570634395,6.43415907654449,1288.3483328987681,0
1693.8835622174252,7.179309221433461,761.5332911745218,0
2595.4297636705433,2.030388742593146,850.9488279440171,1
2372.991258612734,4.454549947404815,663.9430690191396,0
3761.5685229906803,5.106128580599878,1419.0658541031744,1
2214.7029175265725,4.321477195848249,442.37251888989636,0
2825.6473807785214,2.0892250043667375,1420.499307601764,1
2970.340006174685,4.770530111687279,1120.639742202412,1
1236.6644784473342,7.760602430275763,937.8865832240774,0
3057.90464164679,1.639068980799299,339.19087294139507,1
1698.500707235304,1.7216201267371312,870.71543018641,1
3890.9968889144743,4.192941626523858,789.2977260032787,1
1616.2556377087162,9.475531404570326,493.4625743701471,0
2360.9475464356665,7.017153820506227,1087.6915242007883,0
1438.9790706202027,7.108029610053083,1465.381088841943,0
3991.247905168653,4.257279917540785,974.6265732774301,1
2606.146028927479,6.342947120876846,1157.7039317327349,0
2867.0780484961224,1.0911806562496904,382.14054307922015,1
1387.814136687597,6.72486441768588,801.2003949803936,0
3299.889317117698,9.21958252818613,439.630182197395,0
1787.73566066764,6.513161215103373,1035.3550026438124,0
3714.5520104339985,8.863287341197106,1426.1785898569856,0
1774.3909933496202,7.515757499194844,1094.1332789659664,0
1733.9256178582664,2.085025747633212,392.16365797730583,1
1302.3390699746656,9.122079765572575,725.5994459820994,0
2521.787446307998,1.597994599201974,960.7960553290218,1
2781.555173135326,5.805707252929874,783.8493073599027,0
1383.9841903993865,2.279234114141119,1300.3728125702069,1
3371.4773267460296,1.1053594965781366,1277.605205651987,1
2469.208737294477,4.798308341148751,1034.1972241238657,1
2668.292754117224,3.6553663688874063,748.1495341592463,1
2434.135691427039,5.374004444178427,606.403648515893,0
2322.1365704509126,6.194798980610957,427.0491818557552,0
2766.99292766301,1.393651650780526,725.8772201838649,1
1634.672688605995,2.1070296561137107,795.8070206492634,1
1709.3987653867591,6.027781568053828,1110.9875101248883,0
3612.9997388378483,4.088506178553924,1089.7917891570883,1
3849.1232939741717,7.562561387945032,384.1297675695083,0
2245.2660855833083,6.8706248373274565,774.3111785173894,0
1958.0850848019504,8.610439266909161,518.1346406608343,0
3003.198721069244,7.2324354400230275,488.17524638016687,0
2344.45567907467,4.869379696511333,1292.762579684695,1
1271.0817958489656,7.056699601549892,350.29826005950906,0
1637.227272625333,3.4784305682987666,803.0194510825456,1
3204.722240772713,3.756821489003914,501.84438691982183,1
3044.9870373484237,8.10086643928714,1355.196258814169,0
1275.8687790097538,5.01777564761424,968.4486159300421,0
1821.5220534122584,8.185423064665173,577.6567636522177,0
1847.0094304466,8.401801363014506,902.9127445996517,0
3081.2996820764392,8.718061038951554,1177.783631643739,0
1255.1895057122197,9.249717122570866,1449.7416107033205,0
1491.5040295568067,4.878866984619666,564.5352050945028,0
3439.7650390449303,3.8698013648902494,1363.4181265552143,1
1699.925053752134,6.2397887193470245,1421.1649370009884,0
3027.689101985249,4.340551810938648,1399.7046534384795,1
1866.9117869308343,6.4096675012020965,1062.497228234292,0
1478.4358997261666,7.350272763794422,1055.7847853216492,0
1880.8821347984713,7.195645166429232,783.8527598205874,0
3222.3474091958456,4.370975983181092,1202.8774587645455,1
3595.9501106976,2.501741815288775,937.5528220211183,1
3524.6156207875765,4.874764046159868,1112.9256854739533,1
2312.1138829316733,2.283347296737179,814.1494846185545,1
3070.6383823978094,9.010873316654274,1177.7957568517668,0
1773.9560271642986,4.112897146640717,1289.3658211254588,1
2020.813644730837,2.390137725009914,475.7235079233793,1
3709.740291859135,1.229029839151758,1299.5156586890735,1
1236.4053858300608,6.8124014765783585,948.3558381483687,0
1439.4238863925107,6.732120857092689,1313.5990909082693,0
1782.0815144088765,4.065437499231625,817.5620476092175,0
1274.2901708466952,1.6454069996288592,754.8485824596421,1
1708.0192182514324,4.686660054057088,1398.072879020667,1
2832.516370715138,3.800957455570542,601.4031210580815,1
2379.9887416589945,7.094085757615084,1313.0547903433717,0
3699.4807910155296,6.452013245074213,880.8246870112849,0
3488.8419728676345,4.28134355377786,916.9145310615116,1
2157.0885847540526,2.961032988294911,670.1619377873808,1
1926.385613607619,9.892323695400327,987.6506407428188,0
2263.1387428683474,5.086014590765034,690.2534355314535,0
2852.8258390414617,7.194468122022133,347.12329708998277,0
1950.5781943040536,2.264976708205247,626.3983264132273,1
2947.616941977575,5.37030729693458,307.6548520879088,0
2346.352626135473,1.2478304788251893,1474.025744468228,1
2745.7321063855447,5.549096061194049,1458.896651783697,1
2421.1542815788866,9.67615666405932,774.186356966766,0
2024.5041267173694,4.457860416872202,1174.0450252075752,1
3855.6692594940387,1.3509641131742043,714.9673180925099,1
3338.09622364733,1.2786021182740916,1105.311788503171,1
1592.3168921460672,4.4918808395218255,1266.516051655175,1
3631.7103325141557,2.4402244281687464,1436.1074936306889,1
2564.8073550986383,1.2101688669536732,780.2547310196064,1
3704.746235303456,7.805922525551591,1239.9575795472572,0
3439.5947166524825,5.126707079937016,619.1141407585426,1
2390.5978125138536,3.603202947753891,1488.398764552378,1
1262.9140632963288,9.100748647148327,330.9235185172214,0
1952.2966062778492,2.0452506418047305,1024.2345678013453,1
2716.5758010504273,9.603269460597874,1091.4071779815927,0
2973.7390155132125,3.8257004563961754,1125.6546684889545,1
1922.0855192129663,8.995633050778132,444.4650945469068,0
1590.1970074039075,6.426485888315154,1426.2357401677566,0
3537.8046630380377,8.440366237673388,517.4199348600994,0
3956.3261059699457,9.856118468894179,1047.3040838878092,0
2671.93251044752,3.5956489403687115,567.211294947702,1
1680.7020003752498,9.650219368668337,668.659700425525,0
1962.4605142542332,4.505337054121783,955.7502500737493,0
1251.4938943329068,4.4696071426323005,800.6321022774918,0
3760.036658369397,4.063483938290551,492.2707211718075,1
1529.7030320923952,5.872668466128267,505.123682905018,0
2814.2461314399097,2.387305388606384,801.7737457953596,1
1967.3546179241769,5.983403368222101,1208.7395739306007,0
2751.6984070442213,5.875343311690036,1377.5575762173462,1
3023.97708738522,7.85711631344383,400.9531947112594,0
3523.2770503801644,8.50284965743827,771.7246890712813,0
1777.979560929689,4.963972152811817,420.29467646745195,0
1230.7883202437454,3.7209992441634436,319.9109767591175,0
1583.2797641926604,3.33401407585385,1094.062419172748,1
3720.0521971746944,2.7516145303438475,1022.9393303599054,1
3646.892217175043,1.5188282397912238,495.62293657786347,1
2872.756686076863,4.08203180951242,580.5753997116769,1
2881.4472092142296,3.4322292291770493,328.4493043734221,1
3062.1026887295156,9.697756472797666,1301.9366468332846,0
1691.0395801456589,6.019379436250396,1469.6287152582618,0
3760.353448589887,4.125493351274568,462.55144415362895,1
2372.5574696978047,6.224208408943264,577.7702565183577,0
2272.787879098593,2.2527703121112594,1342.091428736321,1
2652.969574791945,4.996393742819826,1411.7565575474218,1
1331.504706970154,6.636108892789575,803.5528593681724,0
1665.5934325170224,5.400080486132063,360.74696672288894,0
3266.4941259938373,4.616009205888918,347.2702004313833,0
1431.836270190354,9.944635500097284,988.7398392828126,0
2888.825906505887,8.922832859340343,771.4741306718148,0
1886.9775071076988,6.610653623434961,334.38291309318544,0
2290.0277193175343,6.124396250640545,999.9028707750681,0
2008.3424629579597,6.585944318421257,313.563043906827,0
2195.8836061018574,2.8118089704018994,1244.8463497791276,1
3213.3285345158874,4.5562396893788675,667.719387244046,1
2031.9408037448902,1.3551357960180939,348.3096036110785,1
2785.932992831312,5.27991433738144,1006.022665179784,1
2532.941126157479,5.887221255618969,777.2212973196656,0
3058.2792630154145,3.0497476249288864,1468.5604960285793,1
3823.123270109322,9.676259624489624,953.0383950044426,0
3251.2018721887007,9.185091498435177,630.28701724441,0
1801.833060054119,7.499289119103153,1151.3266375607698,0
1287.312778171597,5.800479658888263,625.7904030512536,0
1934.3393240395103,8.829722436829165,1385.091949689078,0
2866.2182059607135,2.1758710944111663,749.6663646088517,1
1343.992277755901,8.114588148473965,959.8422753314462,0
2589.8254921634616,2.1233873257016347,360.6877245890746,1
2871.15997696729,8.147895962944649,811.3454855426769,0
2135.88289428749,3.481908114262213,1298.836247593194,1
3358.554170488301,8.8938152291637,1266.7785664360104,0
1498.475108774561,9.49637884442858,569.1822706242315,0
1410.3857888602645,2.3391637246460406,571.2948852126752,1
3238.928517370089,5.164080445588541,1280.7663746558842,1
2587.3756853773557,9.828886403464166,1416.4781042031907,0
3127.526709997661,5.35066692375832,414.43310552760425,0
2417.5165480904893,8.771927702630906,840.0703673114704,0
1889.9256930694992,6.298583699181878,704.9451347570748,0
3493.486489487759,4.377969171276417,1344.8261465489272,1
3438.3644611131417,3.5720519997328317,400.2298976160225,1
3145.1501183923947,2.8290078197747857,553.3511310696449,1
1962.0063842438956,7.856183722399275,1202.9620051037932,0
2852.645867233444,4.478864561407251,361.5526187774587,0
2210.726911432075,5.60147915980676,891.0424568571472,0
1456.4298053145756,5.430929320010637,830.5284416156641,0
3768.47801129428,6.195511263098181,701.2814147864983,0
1583.092166573092,8.79019431062097,773.4867783827085,0
3860.6645906982467,9.826654092250864,935.9287043162795,0
2448.816164282276,4.668257877164352,493.6408300660597,0
1718.3722007481351,8.447670298956726,986.3950539403113,0
2717.3226526594026,7.8807501518924585,1266.5187951599837,0
3644.248340453943,6.1617605631001595,1212.1931157481908,1
3250.2296819467715,9.604424292507398,484.67988563252845,0
3458.371214012059,2.804270639755625,479.09936368976867,1
3044.5934267900084,1.9833778927865926,621.809241293896,1
3138.374380649987,8.6856577025988,733.2896716092446,0
3577.747824382894,4.952348349703735,790.146697690179,1
1899.0704248057207,8.622719687863544,1115.6366602000144,0
2570.389898200793,9.037811846758734,368.0165185990025,0
1819.3864370948863,1.562118342571643,341.60724507127964,1
3965.4704223906115,8.951182866874547,770.2926755326909,0
3843.3661511225173,5.0348714983248,1136.5964305655766,1
1310.3950718318165,5.59389240103809,532.122411547779,0
3175.6104830439276,6.639332599838892,1069.805377507502,0
3790.6952887638645,9.33744346057078,611.7937655283594,0
1705.610966356534,1.1720448498678762,1363.3033305762197,1
2790.2466455473623,5.291591214860354,1374.8279331199399,1
3763.367233246517,7.189498381875046,656.7446451375918,0
1295.0487400402367,7.5043626192840565,575.9925047558886,0
3152.7767482911518,7.232791883833972,793.5647664794775,0
2032.577220643142,2.2099161646730967,588.6379022161784,1
3788.309347054285,3.694560295345131,1106.8606119500444,1
3918.96308646303,4.228439728753122,1291.2776214579426,1
3843.946169517615,8.239934869115544,1107.7105570934605,0
2527.7998066408986,3.508838851730977,1289.2205366992193,1
3613.7194227700775,2.8963446748048285,776.390594648969,1
3564.738315898197,9.617032171342865,487.58036485063303,0
2093.4813250811158,1.07976956602122,1185.5411368771106,1
3520.9633276218965,9.980387701137804,732.5694061698646,0
1303.6213772033793,7.091391689716561,1105.524990274959,0
2869.5556597497484,8.456223695042054,624.7727303781188,0
1844.0247444055685,3.6515745671157385,397.4755617680072,0
1537.5872801763808,1.1288374990035397,1491.098154585316,1
1415.4689645617857,7.64082566705377,487.4418095167191,0
3149.608572458791,8.507301373006083,1486.1051927561773,0
2151.649898550585,7.664285187581672,1472.7359190797367,0
3229.346960280532,2.285652585707547,1252.5817246896477,1
1382.9977542370386,7.7808513003127215,1091.3075544983972,0
2082.812945925709,7.920305038968769,993.3684603013016,0
2710.5756186509443,6.926864641030494,1339.3218544534016,0
3414.0248615490977,7.895043395160275,647.3274259433856,0
2092.507008209796,8.613292957099588,861.2174549818525,0
2952.4958540236257,6.522437028137126,1043.2679632398022,0
3680.737695061324,1.7974424257271115,793.4285710433893,1
2924.4169269104527,5.388650287004898,812.9837449083216,0
1852.2865293101745,1.6988440120444457,696.3416010025013,1
1268.3221883583064,4.667887279291877,977.0781800214432,0
3636.2768469226035,4.663958402130649,1320.6894336181392,1
1259.554350381084,1.5940885972621741,541.8340536075755,1
3649.1646835157585,4.139384805725314,1421.3196465041297,1
2681.0239752761936,1.9989828891218335,1126.9051844978756,1
3829.389555836109,8.274116890083,1287.9278552160363,0
3436.593060166263,9.529192233680236,967.428831156014,0
3994.215509493345,1.6508482773214475,1235.4200417088762,1
2181.9930832647883,9.596036865625313,319.44047680736065,0
3348.127209007155,5.703189394030707,1282.0565097354422,1
2325.406558105878,3.696091101584865,348.1666309024398,0
2543.651736850945,1.6917586774854716,1367.896051635435,1
2957.015297011436,5.50561841263376,1490.355296686372,1
3646.2959197217483,8.150639900416738,652.8809546121333,0
3955.4337137580264,7.363778295400284,552.3822675429524,0
3351.165558820651,1.4520341031757638,1218.4360366296487,1
2369.7469900685346,1.6561165183111317,603.6316091043038,1
2379.7996063757964,4.625859543693734,1338.6748598066442,1
3265.2304444488964,3.6576144464314897,423.41111058897206,1
1868.5760081512467,3.0914589075044305,451.14623565522993,1
1509.327516767905,3.5290404901784225,1474.9818661207387,1
2192.9420413941743,8.23134468967196,1108.6066779240055,0
2004.2691766314288,9.363052482686685,1316.2646693147435,0
2029.662737276772,4.645924250748098,689.1952528218217,0
1854.1017029397478,9.154999019192473,1111.7804994247253,0
1317.8609309818132,3.8934613112309377,1013.0901927703167,1
1250.0470172535586,5.287932877094125,1023.7801441475364,0
3965.622691260888,3.0342609803439977,1119.0389514452659,1
2397.7647744604146,6.7642843795825955,990.4310077549183,0
2276.1146120471085,9.81083003657328,814.8748431631991,0
3103.0123915405957,6.431437864390408,631.1072332566562,0
1811.1108860221798,4.22032675702194,1222.2975970958423,1
3859.891315060631,6.830357013914755,571.5269160038234,0
3401.766040363546,2.106286106188488,1130.825167385297,1
1450.3508064743266,8.997931722388588,579.9993871791919,0
2369.2261721977993,5.527755557018527,1050.3962039453447,0
3661.531261174061,5.0441476783567785,1196.4939205548349,1
3845.249662415949,6.272783096081673,562.456666687847,0
2508.724231499635,6.623054765104622,371.9319610335699,0
2917.5518897899815,1.6459822560386173,457.16849159300887,1
1667.6950490578106,7.143554991010622,1027.1963607252305,0
3975.272153183534,3.177385122839766,1319.3356874708825,1
1848.6807638736414,7.4255736925593085,353.99618548250925,0
3839.648967578352,8.40281314945777,1180.9815108499756,0
3019.010617178632,8.235626567972684,709.5823751400626,0
2901.6630256608055,5.972508706671002,874.234043903427,0
2635.527830846224,5.68152903079676,1414.6314598146787,1
1845.8754728097242,2.2858836520547055,698.3658056830145,1
1694.278489615423,7.978115353628221,858.4043207273833,0
1817.361385396491,3.4426844240204293,316.41889771281734,0
1722.0271340039126,5.470258805361519,397.9184640058061,0
3382.8365259869092,3.5584668363476504,610.3099093617409,1
2180.3507256668445,2.2044552669972384,333.42268898528926,1
1361.9594943775098,6.666019272025629,1057.6503912579012,0
3913.487364394272,1.4889883134061344,811.678028161947,1
3674.600477897592,7.7378071071358,957.7742432736264,0
3797.706392946596,3.85828115735005,509.5766230755954,1
3985.741903410019,1.001212237040368,655.1184353239394,1
1686.9066978145645,5.6001622531350685,1096.58936982327,0
2309.4776529274445,1.4216671767484281,1458.3632683564797,1
3323.0677319714555,3.4855260203880953,360.50012832265105,1
3148.8577305506183,7.362788387101445,1368.4611850263193,0
1630.9085377515942,1.5642065945967927,992.2574415734501,1
3484.3327499737297,8.554046431204021,976.7034801067484,0
1828.4336011426499,1.034379303927248,900.3342422493124,1
1826.6893215033447,3.2214148228171204,383.27290308502006,0
2703.528384101558,7.668136505368643,407.8522220833928,0
2860.231817556769,3.846431347563761,1021.0944067909033,1
2824.2413819458716,1.9170314925941216,709.1502857226699,1
1456.1631447137136,4.242105269203851,1400.7216798932168,1
3656.890415365065,3.4335395774607296,787.9086448313667,1
1943.680119248377,8.584407119444993,471.9377504431693,0
1562.6417795918517,3.8201312582662883,1157.6626002024432,1
3688.494623633136,8.100392245984064,652.0241057292118,0
3875.8241950433094,9.026849303296613,930.5643688270718,0
3613.957328343262,4.904356776188766,1137.399342606204,1
3466.6450092296586,9.189488294689529,1380.3169334424845,0
3034.677545789261,4.395862485668736,1250.6294337620113,1
2742.4006377055903,9.676705748410974,1111.633281447269,0
1443.5629277519483,1.8036057207301563,1115.5598188741724,1
2343.6689965979563,7.183173398529185,1435.109572838504,0
2243.5278476344793,5.444326364112358,654.9889169958433,0
1927.3105945289135,4.488839249100824,301.3345130354249,0
3225.576318328038,6.694406908737408,626.3454712778384,0
2588.4520582205582,7.334713824708981,561.4696555520927,0
1426.9294045414142,1.0392694268527818,1094.201502136798,1
1816.5129654594716,2.5025777987247886,1060.453919718635,1
3113.1245382468687,7.417414455708868,1012.1536592456686,0
1413.1664065728405,6.997468722203858,319.4921318513444,0
3583.379359336552,9.694427546158096,1174.5336653407771,0
2586.410275639128,7.849340112257047,688.2364949825899,0
2545.6424165146145,9.556954369582042,1098.0671868079573,0
2858.7417970466495,7.322864513813263,967.894114202584,0
3509.106704590418,3.6824698777549885,711.2771105134887,1
2173.8657821261404,1.9482843002577082,461.4915205249293,1
3098.445227165378,8.03641477010442,413.3026771925771,0
2784.049499188215,6.797342993283243,1297.8219997346682,0
1947.6791564743799,1.433674111539666,1402.0770504978695,1
3660.1639617944425,4.240454193108805,1079.7456561171593,1
3432.7928604993986,9.611198339358575,424.12093783258,0
3043.665137043591,5.503610311391811,782.4326602658889,0
3581.6288414638775,4.894562224177342,1174.7270401261885,1
3628.4237626874465,5.119296446433646,1235.7850608120816,1
3183.4163348020975,2.8799445160464736,441.8623467493063,1
3543.6373194182815,4.318364537783157,300.0368626144589,1
3152.920092673994,4.328319303884589,1154.564455056726,1
3104.3941609288413,1.4711951816872517,727.9154111834467,1
2932.111859002516,7.908108656661264,605.3775979419123,0
3307.6065907613956,4.7485398871349105,315.47696374743055,0
1644.0942948206064,8.39961898134781,948.3592881137996,0
3666.4381257569994,8.653132010079059,1321.3808825111782,0
3641.1618776866494,2.9079464922879223,1449.1579755271055,1
1281.8923924967655,6.916181339531157,978.893940735947,0
3512.2869015813353,5.250536237466836,917.353593287873,1
1560.8356289256467,8.921410641293367,402.06766258708933,0
2138.332791925597,2.941666112588087,958.6473618511197,1
3281.823117616502,7.100318802790398,755.9748947584735,0
1650.127708935263,6.469769100274503,1028.5623370602923,0
3490.307667533374,3.6577132981464953,766.471617451856,1
3529.9756982816775,2.2294081328605535,588.3589481404401,1
2620.9096545303414,6.8647578442954895,413.95833027405183,0
1217.880440807134,7.647377123190976,677.9021335066749,0
2003.706772889756,3.84064609387015,415.97380114530273,0
2927.3953714520785,6.803493436200824,512.2763409887807,0
3947.3212984767856,4.556178168503529,1484.803390295455,1
2969.0778756466716,7.41886194954356,832.9242682879424,0
1927.4500269796474,2.792937474046478,938.2461198060198,1
2975.215968678912,9.01193502372557,1348.3422344846583,0
2711.9590632043955,3.5866863681902177,1494.6826805888254,1
3383.567106423202,4.310073889805376,999.2573392136178,1
1499.5457887154835,1.522827568723148,1274.968585253006,1
3330.8781270056784,2.0036099108914875,692.3292292040103,1
2715.546420293109,5.642757124410953,666.8927489367493,0
3896.377610805185,3.4083340905517434,783.2444651934723,1
2157.242064908321,8.51932203167975,1107.0087152083788,0
2971.341300775055,1.1322404978945846,1118.6300271061186,1
3809.6786954280487,4.411846438047426,678.287321579341,1
1487.027238373902,4.0361099209218345,459.85190896395443,0
3824.239764262063,1.1739486782584092,1058.8755077586102,1
3126.0800224422774,2.119315591004592,453.99103462651743,1
1389.9437654944813,4.722784074267717,994.1910098751961,0
2042.6979874510855,5.43578126002702,1132.1065536675708,0
3182.881848206788,4.638607725293822,1140.733795673342,1
1388.5816841125607,5.778439105708845,1204.1665327915161,0
2830.077288493565,6.356185074151134,1347.4313058787975,1
2168.4725594682786,1.0893143901505207,899.9507903577461,1
2938.563449748936,5.176856435081535,1176.2990274354854,1
1328.077694675036,9.671493167988295,1043.007282439004,0
3640.3030572266534,5.671290521165939,523.9679277572191,0
3925.7691136967114,7.097880407130579,330.8275738432898,0
3912.857994799936,3.8067747212519487,641.4496628123205,1
3299.025128880189,7.965922403374863,831.6404476051433,0
1564.2414723657696,7.956293336885036,1040.5271333143876,0
3323.136948601263,5.69166442888725,1319.9511966038465,1
1268.8433660846442,9.784124409512922,535.4948600473988,0
1261.9459442811924,2.1299519328638805,450.65974787817254,1
2106.1086136187155,1.152528984006229,1456.1759369691931,1
2568.200933133064,7.931423905813864,429.65347125168853,0
3357.140769861821,8.264399836283943,874.189284128627,0
3113.227054498215,2.0818650620851864,1002.6764745519622,1
2448.5275778548953,3.390245496627455,949.6493050889259,1
1966.1546655886646,1.1579712702996603,403.23858843953184,1
3991.948600441591,3.639777497025082,368.43229680434325,1
2393.307646260724,7.958276865268044,426.5801129532428,0
2463.8836681230914,5.6616447494132105,1002.705220647135,0
1658.1466993366737,4.132860338514593,953.2138651611854,1
3425.466736499802,4.345653654156973,580.4889504440931,1
3142.310232188168,1.0121826314392135,1065.32897021471,1
1818.154915808529,3.698204748087123,1284.0810024667794,1
1430.6669277243595,6.8181286747413745,349.8947518159125,0
3105.3980458091964,9.767749994347215,897.7559322576509,0
3032.6313999871786,8.623547442855095,1127.1724945232284,0
1965.126675594986,1.2123546818097621,602.7743124836245,1
3862.417974301149,9.087045442073554,669.325086351779,0
1622.9620969865207,8.048785719687633,1036.3654835872605,0
2410.5374429192852,8.023385112138824,1377.5223521324842,0
3842.1245764692767,5.121961831032143,1271.9093043634794,1
2375.2364873931424,4.582047636590525,999.7562629195002,1
2987.87265345944,3.7262415594987335,1176.2660613086991,1
2313.264314295824,1.591253730589292,737.7869642493583,1
1967.8025665762761,3.0541182714432917,1069.1586337185092,1
3955.137414287519,3.2194327148022217,859.4179093530684,1
2346.13521768212,5.356693627391814,527.9233637490731,0
3703.4777703015766,7.726999659370246,1142.0859286527086,0
1843.8728964950415,5.26428845558152,967.7575648185864,0
1796.6931712702333,1.5206000450244455,730.3458983443097,1
1287.1754320766318,9.620108208893836,1393.6070280943568,0
3024.667111052478,9.48451887184701,325.12094139207994,0
2231.8737624265314,8.066705888335676,678.9277814993952,0
3620.2030995509836,9.921951114077984,368.2576773331759,0
2524.9877387363604,5.900340995202367,1219.8327794659526,0
3910.941598161221,9.664915152278855,1142.5289449365512,0
1719.471443968739,1.680445365550757,697.6226624835804,1
3632.14487027571,4.291126734352342,1110.7954826484877,1
3374.471187816877,3.0284314120608924,775.1246714351398,1
3358.5811650033456,2.7624977572084304,1207.5045497069211,1
3565.3930387272853,2.267226540034085,845.0203952840473,1
3330.867174640397,6.60172277409397,794.7356733979987,0
2953.4169005679632,8.031896701725746,1421.6758985859612,0
1567.485657510685,6.204685594783246,601.0549198688402,0
1291.0733025755053,2.322664386293887,444.5368079958785,1
3778.373973883923,8.300113929401238,1001.4517359113498,0
2926.620880658066,6.723592364473556,1463.1861747410146,1
3430.3044147332935,4.493491355142959,753.4070564726239,1
2548.26258423514,7.067172659824567,374.4441163545378,0
1528.4629290947046,3.3391448131854955,707.166320771481,1
1550.5202181671411,4.106729876447894,907.1179851834702,0
3119.58280424112,9.257372588187913,494.30760795865643,0
2404.8565057184956,3.6145405510427837,1089.7226616677904,1
1761.469234760943,5.229894413421429,1497.2992668122408,1
2576.464730876023,9.011270236564132,842.0873711777326,0
1379.7850238103754,7.369492152407747,725.6742680762552,0
2829.519925360317,1.5598290354823248,780.8450002013599,1
1953.1815324182735,2.325727398510733,438.17541407424136,1
3433.1654817841268,1.0705743169472512,1359.9283217114685,1
2069.0134849860065,6.678296112062471,797.7907866256223,0
2474.6164174290434,5.029060828693765,764.7292937098096,0
1232.5375117426818,2.2084736581204796,1091.6283275165692,1
1402.8512858247648,9.621407089510933,830.4401051173483,0
2298.9819579387176,5.766937515510579,1077.8801625694152,0
2543.828737207946,3.1770396470160027,373.735548156945,1
2880.0575347340505,5.505432140392368,1276.468012466673,1
2016.655220386049,7.11658299461597,1428.6047434552831,0
3145.949281154319,1.6861529617620803,1078.5184633912631,1
3608.3427121297727,3.472334335431028,1445.479114630573,1
3383.5827689013795,8.262689417955944,481.71877724395597,0
1310.9327109754,5.136983833623951,872.8994273764245,0
2545.419452321921,5.919194278290654,1022.1680807345367,0
1493.8044995708897,4.895344019885224,998.083976905424,0
1877.726044415077,1.395099483787046,781.754134906852,1
3962.65526114801,2.4917480183814034,705.7012912395137,1
1598.987520124237,5.009874748677018,452.1888270605026,0
2596.886829663797,2.8826691886713505,770.0909406747338,1
2930.8360560907336,1.4498112579371085,495.19297812658215,1
3166.9019175234907,8.592846976466413,1181.238811790662,0
2767.0163137633594,9.830732762477043,550.597122593508,0
1227.3583727737143,8.138285865970655,370.27836634144063,0
2114.091663083177,8.684064295342004,962.8393653806812,0
2649.592601477192,3.1777941728534085,1014.275679263282,1
1446.0261976055333,9.645642779618798,1346.2956735366065,0
2181.7554073857063,2.7723313400808554,992.3779349012183,1
1292.9687046158265,9.562868293256491,714.5770244681348,0
1420.0197920340581,9.95337364569356,1263.6142578315846,0
2311.3851733644688,7.405505251714438,948.3346718249053,0
1571.604111320569,9.830293586126396,395.1363415574301,0
2789.1143751323625,6.125858016103933,979.020672375896,0
3130.501913584344,3.335876048584813,1389.6222545059948,1
3441.642757505432,4.932962970990587,775.5751505978646,1
1760.4206838854684,6.342048418409074,655.5909622797601,0
1668.9512303253953,1.6577340582431348,472.16334842162405,1
1492.7899529363208,6.601089381555215,481.73462632242877,0
2982.0046987221826,9.83060053086065,819.3257812101826,0
3178.132034163323,2.7109688480535485,1014.8157889938354,1
1288.4412055117978,8.13335604659545,396.7384862035221,0
3821.3942894823313,9.171089144016575,1427.482306830199,0
1345.5195942241228,9.493314335381987,1206.1603409342351,0
2715.6297388429975,9.641220439649025,1003.9487019403952,0
3185.369454462566,5.693136748493248,1294.126405126789,1
3638.71354648904,9.795771171923533,396.22410817453596,0
3199.443409970798,7.81579186420995,872.2066532797493,0
3444.838632595417,2.455042926132657,1056.111752233996,1
2150.460539119857,5.29210095821173,1294.383487341947,1
3481.510318490234,7.464980578348036,1240.1634720591212,0
1424.3215698770905,3.22606284237175,632.4830996560795,0
3705.4866369694773,6.765536651939986,1429.0562034710451,1
2733.2586532304613,6.999404311419573,449.2150097170444,0
3488.4337558949824,2.464297694277093,1350.1603423453826,1
2466.4911966512404,6.085767812074806,1465.1282995255422,1
3002.01754655027,7.944642198807469,512.5842278671507,0
2673.927450621117,5.490060980823477,1166.4792770445424,1
3248.4506609149294,1.1089280509849668,348.34262253359816,1
1428.5639496856509,1.0813462217136296,786.5073901669859,1
1368.9858351735786,4.21326409573011,919.5399590372089,0
1891.8890552284101,9.335746615886038,996.7742710915609,0
1646.7251043169274,3.058091016432479,1423.1246978982715,1
3640.9939864581647,6.709273199845184,1106.7008247530337,0
1813.7991646025241,2.998682836239885,877.5335414630844,1
3932.4227162935676,3.8950299069359375,1271.6100435190672,1
2143.308216959099,8.632378806413357,1440.6393851452908,0
1709.930163928358,7.559752980429522,326.47937841874904,0
3411.1558199989418,1.8585934958188957,1479.0255267072464,1
3044.381771402453,4.858318188877902,403.3585668764164,0
2594.9480060687893,1.26252787280738,1277.2641351225136,1
2755.017942625367,5.328011319427081,636.401703061695,0
3213.764979162339,6.9619061053096125,458.6155893046461,0
1839.6732757276363,2.066523612383364,827.8267676566019,1
3989.7349649588773,3.5999644501824912,1072.7478953371362,1
3929.4208540109926,4.580529629519413,757.14221402817,1
3020.9119217714233,9.275779221904447,365.4784899392388,0
1758.7188626016064,9.939295138806676,1019.3533675904599,0
3104.639078807616,1.4042016909605426,1382.8839313328097,1
1402.1555451416923,7.849071311458529,759.858439136702,0
1285.8270061762569,4.3455165976210886,559.5993331569924,0
1921.5120878313983,4.5321236760653205,831.0928151193784,0
2495.344278870086,7.788384760123204,358.03525325853707,0
3631.1630151434656,9.265837889308678,1284.58510137633,0
3236.0733953456624,9.558357350522936,1291.608973140224,0
3279.578259359947,6.194103274344887,1005.6005561155541,0
2391.3813364546113,4.214090433704525,723.7234667260674,1
2168.617979131496,8.087941772729014,1259.74003733494,0
2238.9085363568875,3.2590124493607022,965.6244297460406,1
3965.418778460962,6.07666625950166,1291.1187702600196,1
1312.305735954951,4.227206153723858,1057.7505510996248,0
3627.688189142856,6.909679663370885,1241.2865678553567,1
2820.2911440027015,3.163590216041562,1018.2755918613119,1
2428.1231737308535,2.7243365116134317,796.9692818587994,1
3230.721449162382,9.264151780078933,1449.535031911365,0
2562.673035989168,1.916233146545832,949.3365898546136,1
3645.5850666286497,5.5536211696143845,1026.1074222486461,1
3721.965219231524,2.9876750466670803,564.5851672976992,1
2380.818595245675,1.350369669931007,1050.7809473127318,1
1975.1178322581445,1.3241693646228376,985.9291793795326,1
2858.580920061414,2.576995948952446,521.8060775364299,1
3754.6173677267348,8.800933190554002,371.50451682377246,0
1789.8541292158666,3.54230869579324,1025.2311836577253,1
2944.306433977752,9.554132535177661,1216.4307232203846,0
2968.3686162590575,6.234600636902742,928.0816451064098,0
3252.7164627627867,4.929527707918895,572.1271503835749,0
1568.3895183563275,6.220799512025091,1099.8263720316418,0
3204.309901109848,5.65028546703641,396.1268719315227,0
3745.291057863795,7.828986283815927,830.2004457623456,0
1703.1127048366775,3.5424645937556702,496.04011007810425,0
1865.1213097868574,4.177453524402722,521.35086127186,0
3919.906263316591,9.046848722799256,542.7527389898444,0
1706.7354675865713,9.518108618353649,764.0484684527735,0
3592.2782614348216,9.033024047378271,361.3802467444772,0
2578.3779980544973,4.775031945615822,777.3521291149178,0
1892.2470083288958,8.023289527061936,914.048936537641,0
3638.099723563032,5.287021599709889,879.9531419595902,1
2446.8547140074634,5.477858669314919,759.3409204836487,0
2641.4885910031326,2.8421209815155555,1306.975929684903,1
2205.853434319344,6.320172729326648,474.3920309046049,0
2860.2623840177966,2.6752230797801313,906.8360925376487,1
1657.8668432380637,3.984082291604744,374.44970034786513,0
2295.02830262493,8.695271814579417,385.3868146534917,0
3914.354502538805,2.863682282897697,988.6390196125155,1
1922.7736115631571,1.6404245665608954,979.2221098653852,1
3038.8626607156184,1.6210683335153466,1353.6402154133484,1
2110.5321798291457,9.46706068452797,969.4484107920878,0
3365.724751922482,5.562283941656512,1451.7492244858202,1
1566.4462500113796,4.684708646353165,358.43381807991574,0
3915.498926219925,8.297907229071265,417.60922173688925,0
2470.6107158741897,8.522433351194644,352.87903388445767,0
1860.9412973700992,3.9897192980404412,522.332220400248,0
1405.7908925240354,7.242562517264157,949.5241331300138,0
1675.322134245114,7.940105342666979,1074.6866177129136,0
2655.3670559568495,6.891856181793591,354.70218953840254,0
2143.6088940076015,2.3643556732008943,1435.1650678147191,1
3520.8734244713064,8.882947751653514,1310.5984519804574,0
2406.4850662530566,5.851850974624078,655.9349785885117,0
1896.3999632453638,3.542251837330033,392.6250362717616,0
2928.005962491284,4.827053668939245,503.8644878628687,0
3178.9762072792482,1.3381398135901663,452.3332965059672,1
1667.7173421226596,2.150801211001758,447.9405351587362,1
1669.3338056072894,7.8899207546427474,922.2740263988807,0
1302.6799954139203,1.0001047127982954,595.0169309920803,1
3261.9256421837936,4.749092456340629,729.7676598349733,1
3058.652677341054,5.702591629770296,1487.406400061187,1
2528.966452099479,1.4917097800087507,1121.1770987104137,1
3563.677257113752,9.757703466750996,1438.7768004564016,0
3455.8764282601487,3.0351279812470473,471.0678660397387,1
2838.9922203109063,3.7377884767265277,758.567369799083,1
3631.1595854371244,3.735482610295246,965.6781639388252,1
1776.355388102951,3.073749959056149,392.1096742664856,0
1513.374934313638,1.0132643987768026,305.02493235354945,1
1955.298912247571,7.564103146791967,1104.521200556301,0
1359.8431970500815,9.701609498193568,1070.1834201617226,0
2687.2746784028895,3.0186413495654056,792.9465719995342,1
3822.4959384258923,6.967424726230802,887.5728912384392,0
1310.161913871827,7.677066942628436,798.5316007105075,0
1541.907759228075,8.635828411814723,328.80605381386664,0
2466.1572791936187,4.803662773122483,702.4459274609549,0
3814.850049078134,3.726378150763863,512.4987064767478,1
2085.237093934901,3.92765620620728,418.1090269216425,0
2620.257464327499,7.413591997886615,1448.0645206672198,0
1316.404005341098,8.351015198550725,1019.2316700505987,0
1615.3609626938487,2.6345257098094237,1174.3875410839232,1
3962.5643442847713,4.338469073419887,678.436491919341,1
3902.3323500209276,9.11746177074235,771.7765553928182,0
1213.8319466163468,8.260241677252653,584.3087926760682,0
3865.072999185069,9.863725624862283,416.3588051585097,0
2989.5358258834012,7.788234337138727,514.8379649299005,0
3630.171224656062,4.5387568092513,1257.016854355783,1
2473.2715957748055,6.31574050595174,1113.054966220531,0
2643.668880021901,6.949128288225882,956.3146511825723,0
2568.7704247193765,1.7061023468541157,870.1078474401216,1
3067.219921129092,5.900472631934786,1406.9211403873494,1
1591.0235133176761,7.383887456253486,387.2819373344021,0
1283.9260516434983,2.505891736009543,636.7209758854992,1
2062.2038364553346,8.025685456830015,719.925424284857,0
3173.1061356626105,6.253955024627005,1238.9109746553454,1
1765.1896659442555,9.569996071278352,1491.0175441943657,0
3085.6108133097687,1.3818006838620254,588.8046177085837,1
3915.7537291003573,3.3879352379992027,1349.1688009644968,1
1462.9220042103716,6.413984913698417,1296.7473125181496,0
3083.285931030354,3.669039209853376,569.58887717012,1
2442.5006140527994,7.42981747664118,779.1990962390671,0
3630.798312257015,7.831047542697379,791.607443151023,0
1696.0194104526804,1.9226436765982702,1473.86480223187,1
3139.3526662332606,5.624690177860909,517.070281654678,0
3546.7228110147084,5.580015000319503,1258.9895653257386,1
3844.919814527265,4.3235269319398695,701.0312570077319,1
3113.0944792110085,9.396323763127048,1177.0444149313926,0
2592.0893392235967,8.44755687885899,804.0132051547954,0
2929.9722725633987,7.274884437186731,994.031715739848,0
3632.933956540411,7.428939721614978,1299.1341279913572,0
2797.707290588723,5.1554452943180715,1264.998677980661,1
1285.083767151143,9.288950689869182,1339.7078202476403,0
3806.6563474195377,7.251358845279569,371.5407904135908,0
3130.6749028883714,7.560829554902348,1130.4606636476938,0
3094.2374801762903,8.755218134086107,467.9848520661154,0
1803.8904267136081,3.4666443040797192,798.9822816220932,1
3044.87931665144,8.263638134800328,958.3060980656262,0
2302.8203358316437,2.7571654266084282,783.2873816961969,1
3023.452335716178,4.1080775702039904,923.534010963609,1
1498.460484862374,4.020494088428585,1495.831570558343,1
3041.966852888501,9.806729215502266,462.2607764554257,0
3998.3584321578664,8.708835013731342,1110.5472544037107,0
1334.993708809557,7.310528754312338,775.2011596627383,0
3936.0877158196886,7.5435108545385114,459.61175868879457,0
2339.3422900240375,6.05865514962314,490.48411604917146,0
3638.1096609443257,9.523816003976671,1439.1277274947404,0
3390.6793553631655,5.466328775941254,1355.5217960541145,1
2787.6455307626698,4.424659388829051,1388.4503524980262,1
3267.6577859037143,2.467318032384319,1489.8393309928638,1
3659.843571643774,8.075850870349523,549.9784680102216,0
2331.5929006228926,7.609995388680323,726.527204836874,0
2115.6928523770684,4.459195346717214,1103.06283590984,1
3069.2614795780373,1.2267407256330642,880.5630478327766,1
3461.968637435524,8.550975949462096,802.0674400540001,0
3334.398377374524,1.1027618510866626,729.3734992027116,1
3433.8782168041766,7.333298016661459,1012.5367583321427,0
2419.6332814762127,9.732313987534514,990.7121143680984,0
3489.9358052900607,4.938951953333831,493.7494008770881,1
1536.5853550377037,3.114760644963575,866.0878050221269,1
2724.569474290379,7.343839090390436,964.1661314518199,0
1216.1242493947404,8.354153278140267,984.3443264776686,0
2108.8403237207567,5.917872844700626,552.1286314948222,0
2226.0922976399142,9.703317477305315,1190.725670702744,0
2309.283536505915,1.46501849492165,330.23891378528356,1
3147.308178731614,5.543160384740753,725.7982266517952,0
2287.962683556968,7.466085525902951,1236.2551782427604,0
2456.342143343086,8.76376424034261,976.6715052664828,0
1865.123566448117,2.6133005071701105,613.3949190130322,1
2245.1050165621523,8.200031335873133,1133.9437432116574,0
1836.3549563368242,5.974363681466907,980.869132987288,0
1404.9485865516422,4.568983137909669,1255.4923313476647,1
2889.6560614678583,2.185435257211842,1182.030223427788,1
3070.9958359540456,8.787661830180213,1032.1295064434817,0
2934.5729688269207,2.415458873617438,885.8132103729769,1
2497.7833226416024,3.7880907328818934,459.8185508010281,1
2263.400184501844,3.610409787661932,613.5996214624605,1
3617.3342188011106,8.842726307717689,802.9193675005024,0
