Annual_Rainfall,Seasonal_Rainfall
2248.712332772615,1107.2435930506776
3862.000057947765,1256.0176766296468
3249.583037071934,600.5614785509988
2876.2437557517023,1049.8489195283987
1636.852193238822,986.0951797724985
1636.7846569413673,1299.3964521459252
1362.6341140709585,1387.3044725775126
3625.2932081698186,314.58812577286415
2883.122032880985,1108.8239028705511
3182.6032178289274,362.20295894367484
1257.636584028247,958.6303980928271
3915.747586053584,645.1592748524138
3530.839394241181,668.1319194265694
1794.5495098991732,723.5502041428279
1709.1099081798818,1045.5509388595322
1713.5326275896145,700.8599588025231
2051.8782802867054,1179.2388607083365
2669.318008570266,785.4328626886436
2409.4460521979245,382.0238403719503
2015.4415925545172,1240.5118109809287
2913.1881052226627,642.9099895112472
1590.582809825717,819.3202555191151
2018.005015898611,1122.5326598662818
2225.813161222337,698.9473885784544
2476.9959558077007,367.90278737605877
3398.492691900438,748.7052564153763
1759.0865900434073,1433.3382992331642
2639.8564275581125,1070.0812767582697
2858.7607928137186,1105.7749784006483
1330.0611556159936,1058.7385843651678
2901.1255853240273,538.7905667513241
1677.4675463244162,802.0006369227361
1382.1444603587827,1201.127758035982
3856.8795043093332,421.647477063791
3903.769692608766,633.4233313076547
3463.5125747260913,631.5829301590243
2052.918553685438,818.4227131134072
1473.4819192178747,1476.442489130622
3115.8524742340396,381.0030560205863
2432.4269824708836,922.4411932567141
1541.7070575653806,515.2376184146525
2586.4953483115564,1464.8118544916929
1296.2878591226115,435.96420567295706
3746.0971258205896,784.3212028339094
1924.5839484800474,1185.4619818015274
3055.0623961911497,1145.4653136329343
2072.7910130503506,807.2743642727187
2656.1904592978703,715.8290015432619
2730.788782161183,777.1348542634447
1717.5924754714756,617.1315157903671
3914.836957740764,546.3995264481598
3370.3719054111207,879.647637070668
3830.5970363797296,622.2405072811288
3705.5165811974166,644.9539978767002
2874.1199406710384,1088.1072761694686
3781.247858064727,1462.2447980398706
1447.7790057453747,1024.36464067125
1748.7520147736066,392.37536047795953
1326.6364089495066,390.7003366248804
2110.92492613714,1441.707865014679
2288.2964111305496,656.7489483688004
1959.7772889669086,410.48038329897054
3520.465025625402,1018.8535045804579
2198.90931474205,1048.3785339483193
1986.6166271246661,1078.2057841424257
2719.549032843096,620.8824334290496
1594.5878299293354,318.13282105737005
3446.1515461113113,1458.0184433453662
1408.7418023033583,601.071654829323
3963.2834224814483,1111.231545663057
3362.285354030641,1147.9558438544514
1756.4039082956829,1032.008900495383
1215.4619279460867,675.4888730563779
3483.2919996735354,625.315504516879
3179.200562773328,1017.2019392432437
3241.2200705147643,1339.3147603340299
3359.556970720648,1436.0804747080747
1407.325024855453,427.0869652845092
2203.704039923963,485.7943351172638
1524.4333666703633,1433.6835105396956
3616.689592451662,1183.842274001751
2945.2347551171624,1359.5925897957277
2126.514469587418,543.1591609624118
1377.9633808008662,1005.1030453312823
2070.7505008038543,1141.3675133009683
2110.513301674892,1116.1342625363673
3242.8972993465795,789.7820290400377
2985.160919794597,318.47387002957015
3684.1956792137144,999.5112681651158
2522.2017904534578,603.7218470155306
1534.8638886272447,840.3050953714684
3197.085404224386,1449.0972181005807
3330.198136127313,778.8423811709217
2771.5761531945896,1307.7619279973121
3358.7081038727706,526.2487268991014
2582.627669820294,1106.9525976300347
2663.6519222695833,1472.4083453267322
2397.1148514039387,422.2717210475241
1271.1735548834665,309.98393067263044
1502.0959955812525,820.2993511591372
1288.001719922856,411.1505796616406
2981.9491515385853,1198.0612196114776
2080.1967470137147,1397.4583966182706
2623.997935261168,820.8251672505106
3741.1861269930605,610.4539705865291
1898.01824161685,821.2839828079317
2349.0721844997634,1168.1373814200012
3315.543187920536,310.8649938964452
1840.6348633765429,1007.3447873816366
1415.5437475206204,1035.950021864855
2011.3040681585503,1065.2258962751225
1651.4196043112124,590.4264959770526
3803.1534265592045,1156.863268053752
3462.7370627803675,409.6697835981317
2973.530518229186,539.1244037601609
3640.0896525256094,1352.9640559853783
3450.2818153175203,1186.4677808718798
1722.3961648809004,316.4946648136143
3699.1651957719378,598.0515124437602
2710.158277363822,557.2877795917975
3460.8324344593752,624.9675936443671
3709.055639785781,597.0717243358637
2090.409729921219,375.0315548914149
1508.1453886774948,850.7286199161844
1838.2184551174369,1179.2801697433981
2395.901808153518,1028.0780696609236
3490.441344582981,1107.4460023176957
3610.0456331177616,397.37901424348695
1219.465965487334,1441.7888522121445
2630.092447217184,1306.1902006116297
2368.7508088165814,1266.1083821947952
1821.9018693180446,1287.580566050121
1535.6230285343117,1419.2526097593136
2145.3224799301584,953.1047593364373
3840.1471709550538,540.338421441151
2104.9682096581146,1040.1403294230495
2652.6137408814247,1191.4577924015268
3168.4530849064977,1185.5008720248306
2218.162886662023,925.7388290002561
3920.98983161869,382.15046320029364
3894.8524258379116,745.3355261161535
1904.9904283110195,1404.9199301560288
2592.2958164986794,1001.3386917089113
2042.459267486955,945.9983319068562
1997.5533842569093,622.6242172586321
1303.283452592692,742.1387038998946
2906.780135143711,1374.415306983803
2607.501265040812,1099.7556570322029
1344.1405034999702,1244.8644321027996
1980.210099862512,845.2145076811862
3743.1444807066305,1056.2966633473895
1870.7732938675226,598.0603304918491
1605.7056418554248,1146.5529963401837
2570.4677287771765,813.1216004440048
3959.821271509682,831.0546177776947
1877.754760232201,1079.186789492258
3081.97953273646,1423.536745762712
3332.5349229204094,376.8076159303451
1865.385123178719,1289.6918848164091
3239.0057761132066,650.8597324946318
2229.7927716139093,832.7033454076534
2970.456325662022,326.2959945300107
2973.883190130505,661.2552934011757
2700.1691154093237,903.1574911561565
1452.8113561523433,367.4112928169268
3538.846987649866,889.3148752597982
2098.1841819208603,1412.5327546301128
1722.251829119592,426.47186172936625
1314.170396353339,1217.3288736906052
2854.5002409270774,791.6052640511912
3097.180213158391,1086.2084574292057
1246.4459209979973,612.2839175822753
2633.8605632379868,491.39071504962993
1834.1881705542264,492.55513712547173
3006.4838131464594,384.5903347717736
1688.226001213976,522.7760458814917
3134.625666686905,1097.063261986762
2282.8589696415047,1358.0287342122097
3822.8439684628565,1276.9508227093943
1585.058643608781,1122.161171849381
2154.9857829407238,432.5182360933232
1517.7258594736495,647.0249355551398
3789.142131179976,671.7682503869628
3656.550189466747,599.9483356771455
1922.2365576024358,918.0067916516678
3047.9553288957013,942.664577855607
3488.2221605634045,728.2631702053322
2754.5622724784944,724.5469904837232
2683.021619396818,1294.2667174872977
1877.1864145212649,1247.1514179836227
1460.6877498565177,669.3549980168948
3712.204122269315,1396.5461326479112
3721.1705600573255,1443.3780204030072
2972.6840803651503,692.091050436049
2149.2834149363616,725.3099385516658
2177.7868089154504,906.7609841063506
3232.6759008366703,1429.3449750404081
3711.908727867216,1351.5833197707739
3683.8419879423286,423.08155510030775
3383.6515284013467,771.2768919256995
2997.6886092320055,964.0454276997262
1435.5919019861367,903.758967061848
1652.5603994649186,532.6356815242711
3715.9517278758217,1330.5801254017856
2898.0013670468516,1112.3289395962047
1225.751744526563,1305.4900498221643
1484.12032002489,1330.5171352193665
3057.804953502556,1198.0270243988878
1214.1724347694123,827.0527214996608
1650.2625439689962,1032.6561060185095
2736.454610226441,492.4384873436918
3137.306553539541,1108.3745009698891
3025.4915266072812,515.1039068871369
1827.9540664895674,1132.7395086121883
3194.1018197731005,575.5177929047625
1864.2974449910403,441.061560180264
2111.1191548459497,498.34138817154894
3290.1759343304675,302.3905622628843
3018.9721173322014,1162.4875414242363
3577.825549383698,1178.8812588700548
3041.3160984409615,917.9200198959113
2791.2640893393204,493.63536126646045
1462.289349918659,400.26520501282766
2229.604248566414,322.9547597247444
1942.5666295088313,498.89781235826484
1883.1710014614341,1369.026641979776
3924.4295533068475,589.8442100420182
2300.673629066929,725.1255926606589
3697.7303544959173,426.4145813775998
2967.188152792336,566.8335656978043
3425.4716499166157,923.0694849362461
2607.383860694538,1029.3032197147832
2815.3308769538053,594.4227769994533
2579.049542692819,369.27859107014064
1746.6803658345248,769.2394429528783
3222.865922732215,581.044045111601
1986.1626148343962,563.4647078757623
1268.0847060080707,1451.8353632561464
3007.32242854007,1039.5605831108687
1695.909902339737,968.254131806515
3833.28403618816,798.9301242279863
3871.0000156072447,814.7332001161731
3761.620292617256,949.086004605697
2236.4443607152443,1135.7157684433287
1243.2785262808288,1142.5753154181953
3799.291975245631,506.03268924653946
2398.91561528848,900.1353024919524
3906.6334933222747,794.3497140409224
3898.135935849908,1344.6323595232611
3588.426475308608,1057.7027054620517
2024.45689779484,939.0048796991782
2278.273640085391,438.47357061470086
3583.182680247199,1026.7654671880937
2087.3816144375774,440.6446868162801
1674.579690721059,704.6478906789025
2759.0435348833807,471.4103577771982
3821.2333676501867,1130.4883764292426
3148.8834306899244,547.5025366033831
2796.171276250222,770.2312478256313
1472.094182558152,1374.8097331425345
2922.020234757675,545.1796600787643
3972.1507802919373,909.366076750535
1592.2352426622674,803.1259933992264
2651.323026618463,321.74884925487567
3656.6446013982754,1251.3097362873755
3274.1521297117724,382.85508757751967
3151.64407478675,869.1060251723443
3166.9554351639063,972.8139539267399
2206.575223415314,1054.1117479375043
2022.0571639405814,1126.3579551694506
3466.211235339838,603.9268602272581
3468.317505101706,311.97453199013927
3627.80249202429,1168.1323948258944
3757.0735471581197,942.7879192170943
2631.7587168106256,1303.3412438486985
2604.245625124159,1285.6660354808332
3435.2265011069703,1311.99140134546
3019.899006177742,882.1135919754482
3165.5072563215695,700.3540750042388
3428.219474421083,1249.869843109644
3692.014957089186,841.5529356351059
2146.3864391843003,520.1306356841214
2251.632267391843,1325.9688234737691
1463.1494315544332,1359.0718521268168
2819.184394789287,859.5717073682041
1300.638366630878,390.839672771745
2503.674450770888,765.3913079003175
2719.4049771812142,1264.245191355124
2002.3155059591963,1382.1288342554744
2854.3331295932303,544.1672909971151
1285.4006998293385,380.36833443032583
1304.5749284978003,1352.8205437594063
3503.281569847043,767.2859267746503
2208.5337959515364,950.1131571210759
1555.7694354252774,1461.6789744609107
2662.2811281534523,379.8776734970674
3355.9819486761103,1077.9816089425146
1804.2988769911608,388.92650708984047
2944.0933322932005,750.5627141598004
1438.9729019825504,1264.577454232136
1344.7088192721017,820.1666793067612
2687.792968390814,1496.6188246835404
2713.7783405082982,970.8711419359227
2984.8037241949783,685.3945831631443
3233.055734423452,564.1335910857038
3932.385822495097,720.6246411433942
2645.640975243347,747.039928511461
2104.2781242354886,382.4564132687532
3426.52134535237,743.4890393121277
1958.3303035338079,857.08622368707
2429.119977975781,1167.2853026865655
1419.6778677583447,1088.0753816659294
1270.982081563281,1150.5187862749851
3895.41556109819,310.03641825222854
3540.7443374341765,561.2008794966432
3148.727777062354,1094.0211460798278
2345.0682443599558,880.7872418156966
1685.2240961983682,306.3761708020151
1638.023719479041,1265.393570918187
1900.680114860867,1227.3714879484048
2737.8346611771376,958.1029955922752
3200.8685835601746,379.7559909315265
3048.5526548096477,1219.8180594391015
1983.81491144864,1000.4563052776367
3873.6227858569437,1238.351972589551
3266.111366748152,1202.0963908750086
2752.191347031922,1263.6024863494044
2912.8180894561865,921.6096796855497
2374.880174797812,468.389421832218
1893.6467706032408,1105.3889680556263
2196.7235002235325,1044.5685420623647
3321.9691093002334,1190.7038246389047
1240.3017681633164,503.8572072608824
1525.0033934193655,533.9702398803471
1328.8073976609078,1368.4914206631943
1314.0406464931164,1199.9733581424848
3595.2896352308203,1389.8741864403876
3170.2420062640663,1210.458385396705
2527.6867214445106,1016.5863671883623
1473.9356498228042,1084.9592844334484
2576.5244503271306,1366.953508728012
2525.720958185584,994.5681054143287
1684.9652357480425,1058.869589194065
2414.7846178663244,487.7720592043207
2315.8132563126455,868.7054641393232
2924.3802745462062,1159.6765343497186
2978.2622224294028,625.1312379796385
1326.8512273617246,542.7050166294418
2248.915320954119,676.5921698692987
2952.407763999862,589.8007535914002
2608.7815240242453,557.895164443675
3598.1715553273025,809.8210114417043
3044.342168533046,1389.406216660241
1656.216395828003,908.4715760864619
1397.5924927212036,525.5044569783877
2998.773978977684,392.3660032570489
1274.2316695165412,1135.3873741655102
2840.1716275656972,759.3585173236654
3832.6446759898813,1286.197135902431
2811.327698052461,1091.4129223689242
2286.8757933782613,1255.4897406496423
3001.207011638589,626.3352473021384
2483.108093376247,1130.8307069532698
2727.727010084618,616.8743816324625
3836.1014645742703,1426.88217534035
2281.087385842168,1063.6491378400492
3891.33357870696,689.4141602104105
3734.9817974769785,623.4142347507272
1748.21517741003,529.1119020859722
1394.2116424504634,1133.5691506724734
1482.1784038567946,562.4587355975127
1251.0211118243392,1014.3639191129869
1464.4402901165995,617.5620323104288
3112.418965565799,1094.3627337526423
1399.3282156886412,1277.927674248647
2093.1317648225317,1233.6302917735838
3565.6508707144726,1213.0215971169382
1265.1614200603124,525.2668868307024
3480.51175124902,406.06193638142247
1989.1933693655199,1138.7385941848627
1530.8615173406374,742.0166565532215
3150.864063019622,818.8154716840168
2961.039970983675,337.3789113520693
3656.9216378757483,611.491739130059
3258.1989226508804,340.41168464935686
3449.746605077576,1355.022927121497
1989.696803199658,592.0760198622365
1696.8307225832239,968.8046034876097
3301.721304594403,346.7751847933565
3459.137269948339,1100.2168695667897
3973.4143976018854,687.6328149049127
2355.3294953519944,1377.503024349199
2241.650640219793,1365.741826720843
3373.9562900775913,690.3487420340973
2154.24991270845,1381.1530748285616
3806.1205116899814,1495.3892081985346
3603.5557051604333,1290.4987969487377
2401.183276650051,1313.8456173062748
3302.4389898161926,598.8104833309079
3312.7200474371107,992.0428786293076
1488.7468327406114,380.7070967608414
3727.1481387027866,413.90152418600366
2614.706642854,1498.6711344399487
3514.0809051016768,691.9670993110931
2096.138882885713,1197.8206944586157
3707.4650397893615,1267.9980636321798
2289.7647004556566,1329.627925208675
1230.3454241448353,1497.1539568825879
3735.069533973938,589.7957823082414
1455.602695001174,348.4209922316396
2094.078185253162,793.4298215935032
3860.1735077422536,456.09680379473633
3861.7000114251573,326.9110669944661
2805.626086745201,732.5121925697833
2969.144194075438,1240.4859012902837
2455.6474615392954,979.4168294700851
2020.9901607545808,675.3335870524248
2120.260727035765,1085.2104065912636
3083.0516770157074,578.4218163705729
3306.648682425504,317.25773528650205
3416.4213224323757,1217.2240637237128
3410.930799824751,1048.491701836811
1455.377088536333,1214.763149401152
2584.376853167228,346.72562002519874
1361.1645280466041,1304.5435533967825
2738.6808705064595,1043.431440043564
2436.2854038454557,976.0744208551681
3685.5717117232393,1049.536857737438
2182.56203514582,1337.319896242037
1527.7876459972963,1004.3238078706885
1600.3767097479404,997.1404558658152
3332.2297688089225,1488.814988478919
2931.010577285531,1208.0762004822816
1483.1434931438127,830.7525665413623
1435.4990571219928,1148.876400039513
3162.7135680855363,767.0765660301462
1403.736417819742,574.6505549801988
3501.2081660129975,1016.2222522653113
3177.4782360381896,1413.8185177367418
1427.7765857973193,1414.9674240185552
1437.5455994385375,710.2863337265884
3962.590819803291,933.212959466034
2247.958228117137,553.9630782838335
2237.798011787295,1494.7573313986602
3475.838788321007,1477.341489441523
3852.2960166748044,1079.4107156489367
3960.8029787040387,1265.296871612968
3309.4589187250367,1158.1201935404401
2253.5268394865643,1011.7898628473619
1433.8020067562725,364.01759638667727
3376.011364596823,845.7172110631933
2763.5318992602542,1109.7435626008928
2387.8216258915336,1113.0379366604216
3737.792278265261,747.7471421068603
1511.3529504572239,1430.0303839896367
2579.3502920144056,500.8284386841372
1231.7902053487735,900.4313354586727
2512.2497975835536,1129.0607718609872
1357.6491719091446,1136.562967070171
1532.6901655506013,1078.3667481225787
1529.0734909758937,630.3458561422322
3017.788845924978,487.44788242394634
3288.9256619431853,1063.128392192053
2833.4325422720467,1019.1625393673253
3894.0831357287175,515.2272123470891
2249.6376226663715,1146.166974684676
1999.9938415892102,846.2063900803877
3632.077558930489,1101.3127099237836
1826.0683478544674,1304.840495724181
3897.0231104337117,503.67411429230776
1234.0325291314857,322.973841596204
3915.6607147813893,1234.9231036749443
1320.8477534616131,1031.6369101831392
3695.200718354599,1139.567483546546
2677.56310544164,1305.7859699863711
3980.301429134041,1263.3731217894006
1406.6303812591168,1453.1041763145895
2750.791996323698,943.1220946225419
3914.047099733477,886.1947591918864
2664.673963676417,782.2646398688761
2962.316186778735,484.42925141304545
3148.096329156928,987.1286794584269
2472.7149813497654,632.4150291911745
2957.1626242353777,1405.5690146555705
2836.080073384681,999.828965132517
3723.242429374769,1011.4082166097322
1327.249864956082,725.909593052412
1986.6969308582447,362.38722237324896
3861.1521554143646,338.0925184475864
3692.7385948945657,808.002172983837
2475.8389077999964,401.4784537166854
2936.371273844303,1028.216346648167
1976.6673123471714,1357.167606767589
1726.7392472265317,1359.4977798224666
2498.35553383195,1090.854492158679
2189.3862384729478,553.4781977675173
2834.237113182442,1335.5961976306464
1417.6569835019575,1363.3121223758499
3928.305461465266,535.9843019435505
3961.390084542888,1184.9113029248128
3154.8527992552863,643.8234587125476
2701.0698257635368,1263.1683748235155
2066.6773256017177,1496.6854798843233
3478.626055179456,336.0312063952714
3117.247283150862,1376.8390389491183
1655.3274301656957,1047.1566403183897
3750.596116582759,1468.0591429977853
3503.104280184873,858.0114210317131
3859.4397572173875,1316.8655166856483
3232.0146234874082,374.8728823179327
2917.5625486202116,702.3348600939548
2371.080501613733,380.41984530145197
3811.6397533912373,1470.4117601748846
3624.9788906011436,1280.368688726204
1326.6122762973303,1323.0569054951648
1273.8275285923055,1425.558277720673
2254.097427258539,402.1241833437424
3469.549326189132,762.717111016
3964.3731620818444,385.24186685280256
1621.167295089879,552.9517218600344
2863.5660029859782,575.2389324452068
2266.49439856686,862.9286532570944
3915.760313880889,622.2746009443711
3557.9329847799845,421.1737281813133
3547.320373191186,500.98930691292924
2512.3408474259168,476.7306762625091
2361.4946065454624,1467.692157494758
1965.5398014059774,1211.1510083021683
1357.851390622596,1461.3137583234743
3621.222653514149,827.6885838094903
3476.1228255642172,634.0421779951879
3999.2094852011655,1257.951836651024
3990.583143806935,691.5047016493761
2755.208775687357,659.260048446418
3353.1647625054293,579.0071906493974
3845.3440436707983,455.61477386908246
3579.012693896752,607.7556732201192
1892.5746848809536,726.3836981686652
2461.523578868262,1108.7930497748766
1561.646362424186,375.0778106633419
3871.342876324423,552.6083275984115
2897.2889764624642,1270.8283683500117
1840.1998554096956,476.3063083005249
3080.761916336399,711.1741758270259
2930.759073282108,1337.590706229768
2202.8556104919535,485.9103733721312
1517.9612581589613,399.28420274182787
3080.404947659839,881.445594096013
2656.861562530621,662.9034135342437
3362.49149685979,976.090037380625
2656.4578031135816,1264.5658685801702
3586.1082008919125,464.5781857832918
2745.3391485685597,996.8389014651419
2770.6263202990813,906.6105124678367
3654.630087443366,472.89454321583946
2329.7520253947114,1048.7981826347789
1575.242639661794,628.368501432926
1280.591493677349,885.401182252815
3314.384315886133,398.72678913247427
2936.866743789701,851.5008686563476
3171.423350677826,667.7561616513844
1796.29965222495,1286.8574534224254
1581.8401316429554,368.37447239684195
1240.7250638700693,802.328729901996
2181.6451646584715,850.1177089577257
2851.769523192973,1170.0072915589426
2298.2833262792506,989.1450901082532
2424.929781666441,1100.6548046330172
3731.6443445824957,1232.4591427821074
2175.115307665241,1334.6435683898264
2639.17056964747,676.6505960669647
3394.2284356752007,945.6272464366835
2310.3197904995563,1308.1296941270398
2941.8427606380455,1487.3413571580677
3614.6183844908865,1367.4231732525159
3858.657746241398,745.7607151492522
1611.8057466013063,534.1998206623805
3794.4453504521844,887.2710448879064
2577.925620622707,1189.9697422032507
1923.0842872370833,891.082884903957
2485.5801174671315,879.8170359764022
3944.091210799336,1305.8765052981607
2579.330663180035,733.6845348806237
2120.504508805023,1331.7536097739749
2973.522392086832,788.1657611420683
1872.4077325789406,693.8797268140073
1412.417318704259,844.7878934396388
1560.8632213498179,1214.9363504098421
1558.5283490817628,451.20243343679317
1625.3275418344242,535.7030590464209
1588.7160834183483,1441.7337907957103
2994.449285449001,510.5899528576289
1709.2642363176055,981.2727815172655
2167.868393306817,995.1773599943255
3711.007547736833,887.5493544602938
2527.0925927360427,1073.6942982921823
3069.161667858876,575.7920709571422
1682.4956393645634,963.1947213320979
1738.409252664278,746.6079062962765
1314.432125546141,1094.000711555027
1673.0181766020607,469.46825204777934
1980.052949289484,985.0529002073715
1695.629355974891,522.3244264599884
1448.3670945197557,634.3716757380437
1537.7804390816823,562.4517603882998
2490.180550491632,519.4053358425806
1777.7344115362189,1290.8531418728003
2219.9556109346113,642.8490811930684
2609.5683583935993,1412.5485382373392
3133.105520162223,1463.9118304142291
1310.073991555077,985.5125639245168
3438.3491169453196,471.6013471988717
2958.121090574542,749.4578920554975
1428.9252894568413,1257.2787160178568
3646.0201474989763,740.8688744364845
3778.442721489077,404.4206619633465
1371.0182875936184,968.1418931138255
1975.2574148121703,1314.1450217952417
3457.3635834205716,1255.1116645722027
3295.1271330742434,510.1477681564239
1716.6588541978565,1107.31753729496
1786.178105342789,564.6051161227765
2237.3218878158696,561.8490414626067
2556.6643585348597,1348.8861279662221
2931.1133602848286,599.6027432882762
2232.9581907953625,615.8968158216135
2495.097205172814,300.78406891355945
3292.918626774518,1344.8028409506212
1302.7129680936741,1251.1137758509617
1906.823444163258,1052.7947221088136
3197.3788404767465,1200.3189167266107
3706.5791455241583,482.45828090939017
2632.696837923865,849.9883135050906
2689.917758742884,721.463264818537
1500.081631751373,412.53183150841977
2452.754627105673,883.3565822579089
2691.328346074065,1404.8875804111624
1878.917410177243,348.0709428608334
1953.8810466582668,649.7530961925527
2256.3956566929437,549.0491234468442
1256.1993537776339,585.7759843988356
2101.8216636328993,1390.1214622552504
1792.0544195903249,861.6828650811482
2116.992586098161,859.5592955277825
1535.3339690939033,1212.6907709463387
3693.4763860717057,485.39064480591094
2862.0588699513364,884.7184249200609
3101.4864936045706,815.9822569452716
3409.679468100547,1016.2928286559874
2595.6381570013605,1499.4692439005262
1443.3768066447863,1223.3386728984565
2703.8983170919337,777.4388436209126
2843.155130458462,1293.0636627288563
3287.230527716124,504.8500359749762
2408.6467294431022,336.55642357075214
1557.2248478275785,545.3380469571276
1994.5725362364285,708.4938673371116
2216.6304299161784,912.6969089514719
3008.5682757284835,1038.1549686494398
2798.1792530729535,1392.7268606573061
2197.0708325139694,911.8248114605492
3962.242696620343,901.5307735508752
2896.1694941992837,360.2916117875786
1864.2350168607845,341.8938631874686
1484.9909233371304,961.3919542996465
1628.0055897161296,825.8143358980134
1888.6816394766229,1307.0164739763584
1649.907845126756,492.81550165421424
1722.3876673436562,329.9659945404595
1998.266472342772,838.846521516151
1685.4460668253134,584.974268102709
3710.9431889539906,359.53724800660495
1424.654487852598,1169.5179442171548
2668.6318907967134,433.91159994869696
2349.1111155710523,1029.983400009326
3950.660127344098,637.2597002002669
1513.7089260705466,508.19526042602644
2313.9956773280765,755.701827503181
3914.517213171033,1261.7349314675444
3623.419952503145,770.5122922854872
3487.801798657984,1200.9235790532668
1922.1279157258314,450.58355615898085
1678.4852446921843,1227.325703598095
3072.201015788407,584.3199898879784
3802.2527695572403,1112.8717558666474
2758.9361004390034,978.9378658091956
2800.5155305157195,1414.9736606540248
1983.9414622487957,764.7870215703769
3354.5802129374233,379.39822660132853
1723.7224959610653,322.98658266150346
2106.3018619318823,1292.2302731673037
2391.222028125967,929.6827651937186
2621.3090603164737,1230.292862201939
1878.7472507622247,581.3107200138177
1521.54310926977,714.1004946158805
2909.736118836571,336.1246466535827
2008.1655490727162,1453.7907894889345
2827.4670199833145,1101.441488040976
1632.2156027677665,1419.8461053111675
2547.1922851934887,618.5956889148868
2691.2504111444405,1033.756333470793
1345.1059031027953,1114.1999619511653
2142.4919789429778,681.0596403091062
1576.361095429128,1317.731082018756
1377.4499173237496,1436.5937554802974
3971.8886506918466,1361.8261412352051
2102.5907659292243,1186.8803711272471
3467.6484483929776,632.9576156699449
1912.993833338539,637.9392505267581
3108.207622227002,1456.0323845352455
3328.6380076911223,312.3413951228304
2867.788473701964,1159.2599678905735
2520.413327940443,1147.4953950663146
2353.154559612352,1047.227449139757
2176.831146320387,1488.130615304239
3802.6816038939123,674.2553229164703
3525.7343418056416,707.9662365518977
3902.0753498662352,394.72728353586666
1548.0322257595253,831.3577638524849
3246.428930570204,613.2582314818177
3827.353279098906,712.0640426131731
1707.4525852638485,1301.4861483067532
1386.189548626977,1422.5814162329948
3275.1378180121656,522.8796864062227
2808.5247169037534,747.010717864159
3557.1205749231617,1414.3566745384728
1591.3626545536106,374.17015282706717
3426.7484732076923,410.83263373365423
1764.5564961336847,495.3491870474752
1658.2366400239725,1014.2554009522497
1659.9442342067803,480.56672520719695
3480.80921664787,1461.6916577408801
3062.55221794936,836.0574327102244
2664.583189353534,901.8215524201996
2204.725355545807,595.9903389664878
3656.161514276703,865.1523029216802
2298.846300783379,1094.2963591644138
3486.4784305204157,1201.4125643448513
2429.5777439966114,1204.6416992518957
2255.4444023897413,993.469335232906
2495.5033998748977,1385.2317299926287
2043.8580476595978,1280.889416767331
3293.306264493503,1208.4577376383504
2607.6170922589417,366.72662601655276
1850.1955464110883,308.25355466357917
3718.808805168792,554.9367326345675
2274.895419844992,1096.228312696143
2721.948011119168,793.436986659055
3738.1219107007314,782.8875111591741
2947.8663885591777,1361.5042658755365
1527.3145139834194,1374.6754177582065
3831.5299461177306,1391.010316864303
2957.5825485999703,676.6536918180327
2137.7357210398413,1129.266975287114
1589.9618034574844,625.9598175292435
3423.270529956829,528.7317996893397
2936.203716599838,521.5589488168431
2693.6910575337006,710.5291450363129
3702.8992325426816,815.949143735786
3408.072191428686,1297.1390052660822
1624.6896632517032,443.8693121672545
2072.821789827535,1181.911016873873
1895.769591480504,937.7458970271664
3283.0496192034957,645.5344112111909
1293.8908172601823,891.3835014393895
2795.691117639686,659.9304837324271
3334.8843200739334,1015.2983462859672
3654.9437829328986,820.612707426293
2157.828896404541,497.28663489465447
3499.520453081636,439.8996894668361
1509.7688634745803,956.0348184865562
3570.066416856651,1382.895639943324
1556.968254529551,712.7492238692226
2312.4044135690283,1179.6001286671478
3432.4270241827503,1090.3936259277202
1619.7687965765665,1417.8658971713771
1841.903906651396,1285.177220758969
3222.3071915005858,979.9263106865556
3216.102302329008,1088.4365978809287
2995.2133720788324,1378.063759900842
3143.05564450788,779.4225415043218
2719.628441373269,692.1536470293329
1905.0373649394678,312.9733003622356
2167.9487818109747,1291.8612890297572
1708.473607043992,1261.1768404840377
3743.661571734159,425.34542172018166
2833.4970253451374,992.2288573592402
2322.3839669381914,856.7780378002649
2493.6162502035713,442.45091461093375
3852.393350913083,1476.6818724728682
1629.3839287250246,557.6350649560266
2841.443529647032,380.68101610867336
2616.4883008765046,1013.8168554022915
2912.071859217014,1186.6400125596392
1250.7085146983534,338.93213525662435
3641.946945043624,1090.4611664724266
3809.9311909541148,938.7502511417454
2782.3729140497853,423.9180106500581
3150.622306855298,507.0286523356345
3782.998267296428,981.5691567792966
3180.268176077516,655.6291362159461
1627.1093201599317,1425.9788743815793
2813.607408467077,1282.488275380861
2898.802129871997,1480.2806478163957
2387.565879646681,611.6050067404967
3262.043859749224,1463.6683593575724
3816.227641353242,817.4806437498694
3791.5918361389736,717.0225543765055
2462.35023993157,360.4194323632239
1517.0665283541148,363.3183094315232
3957.5553570945367,1130.4135071359856
3548.9146420486154,849.5147933208335
1549.055507369147,571.8259512433269
3778.3572713286426,1036.764367590279
3635.709813773959,603.4297419001334
2652.746559953002,993.1581052133071
2855.571220085802,731.0504963792284
2317.2075708363645,1288.262671934183
1353.3325887016877,1284.8353929201353
2138.5522766085223,872.8204777468816
3447.989656074432,720.9829312020188
1212.969664412888,735.0717558709134
2133.797680735204,1266.8574308018615
2314.872342054641,693.8153793571344
2704.707688226184,550.8712484482153
3775.5957259557294,401.6260102503682
2169.7687842246914,860.03174506129
2171.4689653094374,878.5585187038103
3265.0034947072954,1309.0904524834887
2466.21023449146,565.4864357352767
1828.8935042319495,757.1895284020799
2466.8306451715416,1270.086886672429
1594.3996570634395,1288.3483328987681
1693.8835622174252,761.5332911745218
2595.4297636705433,850.9488279440171
2372.991258612734,663.9430690191396
3761.5685229906803,1419.0658541031744
2214.7029175265725,442.37251888989636
2825.6473807785214,1420.499307601764
2970.340006174685,1120.639742202412
1236.6644784473342,937.8865832240774
3057.90464164679,339.19087294139507
1698.500707235304,870.71543018641
3890.9968889144743,789.2977260032787
1616.2556377087162,493.4625743701471
2360.9475464356665,1087.6915242007883
1438.9790706202027,1465.381088841943
3991.247905168653,974.6265732774301
2606.146028927479,1157.7039317327349
2867.0780484961224,382.14054307922015
1387.814136687597,801.2003949803936
3299.889317117698,439.630182197395
1787.73566066764,1035.3550026438124
3714.5520104339985,1426.1785898569856
1774.3909933496202,1094.1332789659664
1733.9256178582664,392.16365797730583
1302.3390699746656,725.5994459820994
2521.787446307998,960.7960553290218
2781.555173135326,783.8493073599027
1383.9841903993865,1300.3728125702069
3371.4773267460296,1277.605205651987
2469.208737294477,1034.1972241238657
2668.292754117224,748.1495341592463
2434.135691427039,606.403648515893
2322.1365704509126,427.0491818557552
2766.99292766301,725.8772201838649
1634.672688605995,795.8070206492634
1709.3987653867591,1110.9875101248883
3612.9997388378483,1089.7917891570883
3849.1232939741717,384.1297675695083
2245.2660855833083,774.3111785173894
1958.0850848019504,518.1346406608343
3003.198721069244,488.17524638016687
2344.45567907467,1292.762579684695
1271.0817958489656,350.29826005950906
1637.227272625333,803.0194510825456
3204.722240772713,501.84438691982183
3044.9870373484237,1355.196258814169
1275.8687790097538,968.4486159300421
1821.5220534122584,577.6567636522177
1847.0094304466,902.9127445996517
3081.2996820764392,1177.783631643739
1255.1895057122197,1449.7416107033205
1491.5040295568067,564.5352050945028
3439.7650390449303,1363.4181265552143
1699.925053752134,1421.1649370009884
3027.689101985249,1399.7046534384795
1866.9117869308343,1062.497228234292
1478.4358997261666,1055.7847853216492
1880.8821347984713,783.8527598205874
3222.3474091958456,1202.8774587645455
3595.9501106976,937.5528220211183
3524.6156207875765,1112.9256854739533
2312.1138829316733,814.1494846185545
3070.6383823978094,1177.7957568517668
1773.9560271642986,1289.3658211254588
2020.813644730837,475.7235079233793
3709.740291859135,1299.5156586890735
1236.4053858300608,948.3558381483687
1439.4238863925107,1313.5990909082693
1782.0815144088765,817.5620476092175
1274.2901708466952,754.8485824596421
1708.0192182514324,1398.072879020667
2832.516370715138,601.4031210580815
2379.9887416589945,1313.0547903433717
3699.4807910155296,880.8246870112849
3488.8419728676345,916.9145310615116
2157.0885847540526,670.1619377873808
1926.385613607619,987.6506407428188
2263.1387428683474,690.2534355314535
2852.8258390414617,347.12329708998277
1950.5781943040536,626.3983264132273
2947.616941977575,307.6548520879088
2346.352626135473,1474.025744468228
2745.7321063855447,1458.896651783697
2421.1542815788866,774.186356966766
2024.5041267173694,1174.0450252075752
3855.6692594940387,714.9673180925099
3338.09622364733,1105.311788503171
1592.3168921460672,1266.516051655175
3631.7103325141557,1436.1074936306889
2564.8073550986383,780.2547310196064
3704.746235303456,1239.9575795472572
3439.5947166524825,619.1141407585426
2390.5978125138536,1488.398764552378
1262.9140632963288,330.9235185172214
1952.2966062778492,1024.2345678013453
2716.5758010504273,1091.4071779815927
2973.7390155132125,1125.6546684889545
1922.0855192129663,444.4650945469068
1590.1970074039075,1426.2357401677566
3537.8046630380377,517.4199348600994
3956.3261059699457,1047.3040838878092
2671.93251044752,567.211294947702
1680.7020003752498,668.659700425525
1962.4605142542332,955.7502500737493
1251.4938943329068,800.6321022774918
3760.036658369397,492.2707211718075
1529.7030320923952,505.123682905018
2814.2461314399097,801.7737457953596
1967.3546179241769,1208.7395739306007
2751.6984070442213,1377.5575762173462
3023.97708738522,400.9531947112594
3523.2770503801644,771.7246890712813
1777.979560929689,420.29467646745195
1230.7883202437454,319.9109767591175
1583.2797641926604,1094.062419172748
3720.0521971746944,1022.9393303599054
3646.892217175043,495.62293657786347
2872.756686076863,580.5753997116769
2881.4472092142296,328.4493043734221
3062.1026887295156,1301.9366468332846
1691.0395801456589,1469.6287152582618
3760.353448589887,462.55144415362895
2372.5574696978047,577.7702565183577
2272.787879098593,1342.091428736321
2652.969574791945,1411.7565575474218
1331.504706970154,803.5528593681724
1665.5934325170224,360.74696672288894
3266.4941259938373,347.2702004313833
1431.836270190354,988.7398392828126
2888.825906505887,771.4741306718148
1886.9775071076988,334.38291309318544
2290.0277193175343,999.9028707750681
2008.3424629579597,313.563043906827
2195.8836061018574,1244.8463497791276
3213.3285345158874,667.719387244046
2031.9408037448902,348.3096036110785
2785.932992831312,1006.022665179784
2532.941126157479,777.2212973196656
3058.2792630154145,1468.5604960285793
3823.123270109322,953.0383950044426
3251.2018721887007,630.28701724441
1801.833060054119,1151.3266375607698
1287.312778171597,625.7904030512536
1934.3393240395103,1385.091949689078
2866.2182059607135,749.6663646088517
1343.992277755901,959.8422753314462
2589.8254921634616,360.6877245890746
2871.15997696729,811.3454855426769
2135.88289428749,1298.836247593194
3358.554170488301,1266.7785664360104
1498.475108774561,569.1822706242315
1410.3857888602645,571.2948852126752
3238.928517370089,1280.7663746558842
2587.3756853773557,1416.4781042031907
3127.526709997661,414.43310552760425
2417.5165480904893,840.0703673114704
1889.9256930694992,704.9451347570748
3493.486489487759,1344.8261465489272
3438.3644611131417,400.2298976160225
3145.1501183923947,553.3511310696449
1962.0063842438956,1202.9620051037932
2852.645867233444,361.5526187774587
2210.726911432075,891.0424568571472
1456.4298053145756,830.5284416156641
3768.47801129428,701.2814147864983
1583.092166573092,773.4867783827085
3860.6645906982467,935.9287043162795
2448.816164282276,493.6408300660597
1718.3722007481351,986.3950539403113
2717.3226526594026,1266.5187951599837
3644.248340453943,1212.1931157481908
3250.2296819467715,484.67988563252845
3458.371214012059,479.09936368976867
3044.5934267900084,621.809241293896
3138.374380649987,733.2896716092446
3577.747824382894,790.146697690179
1899.0704248057207,1115.6366602000144
2570.389898200793,368.0165185990025
1819.3864370948863,341.60724507127964
3965.4704223906115,770.2926755326909
3843.3661511225173,1136.5964305655766
1310.3950718318165,532.122411547779
3175.6104830439276,1069.805377507502
3790.6952887638645,611.7937655283594
1705.610966356534,1363.3033305762197
2790.2466455473623,1374.8279331199399
3763.367233246517,656.7446451375918
1295.0487400402367,575.9925047558886
3152.7767482911518,793.5647664794775
2032.577220643142,588.6379022161784
3788.309347054285,1106.8606119500444
3918.96308646303,1291.2776214579426
3843.946169517615,1107.7105570934605
2527.7998066408986,1289.2205366992193
3613.7194227700775,776.390594648969
3564.738315898197,487.58036485063303
2093.4813250811158,1185.5411368771106
3520.9633276218965,732.5694061698646
1303.6213772033793,1105.524990274959
2869.5556597497484,624.7727303781188
1844.0247444055685,397.4755617680072
1537.5872801763808,1491.098154585316
1415.4689645617857,487.4418095167191
3149.608572458791,1486.1051927561773
2151.649898550585,1472.7359190797367
3229.346960280532,1252.5817246896477
1382.9977542370386,1091.3075544983972
2082.812945925709,993.3684603013016
2710.5756186509443,1339.3218544534016
3414.0248615490977,647.3274259433856
2092.507008209796,861.2174549818525
2952.4958540236257,1043.2679632398022
3680.737695061324,793.4285710433893
2924.4169269104527,812.9837449083216
1852.2865293101745,696.3416010025013
1268.3221883583064,977.0781800214432
3636.2768469226035,1320.6894336181392
1259.554350381084,541.8340536075755
3649.1646835157585,1421.3196465041297
2681.0239752761936,1126.9051844978756
3829.389555836109,1287.9278552160363
3436.593060166263,967.428831156014
3994.215509493345,1235.4200417088762
2181.9930832647883,319.44047680736065
3348.127209007155,1282.0565097354422
2325.406558105878,348.1666309024398
2543.651736850945,1367.896051635435
2957.015297011436,1490.355296686372
3646.2959197217483,652.8809546121333
3955.4337137580264,552.3822675429524
3351.165558820651,1218.4360366296487
2369.7469900685346,603.6316091043038
2379.7996063757964,1338.6748598066442
3265.2304444488964,423.41111058897206
1868.5760081512467,451.14623565522993
1509.327516767905,1474.9818661207387
2192.9420413941743,1108.6066779240055
2004.2691766314288,1316.2646693147435
2029.662737276772,689.1952528218217
1854.1017029397478,1111.7804994247253
1317.8609309818132,1013.0901927703167
1250.0470172535586,1023.7801441475364
3965.622691260888,1119.0389514452659
2397.7647744604146,990.4310077549183
2276.1146120471085,814.8748431631991
3103.0123915405957,631.1072332566562
1811.1108860221798,1222.2975970958423
3859.891315060631,571.5269160038234
3401.766040363546,1130.825167385297
1450.3508064743266,579.9993871791919
2369.2261721977993,1050.3962039453447
3661.531261174061,1196.4939205548349
3845.249662415949,562.456666687847
2508.724231499635,371.9319610335699
2917.5518897899815,457.16849159300887
1667.6950490578106,1027.1963607252305
3975.272153183534,1319.3356874708825
1848.6807638736414,353.99618548250925
3839.648967578352,1180.9815108499756
3019.010617178632,709.5823751400626
2901.6630256608055,874.234043903427
2635.527830846224,1414.6314598146787
1845.8754728097242,698.3658056830145
1694.278489615423,858.4043207273833
1817.361385396491,316.41889771281734
1722.0271340039126,397.9184640058061
3382.8365259869092,610.3099093617409
2180.3507256668445,333.42268898528926
1361.9594943775098,1057.6503912579012
3913.487364394272,811.678028161947
3674.600477897592,957.7742432736264
3797.706392946596,509.5766230755954
3985.741903410019,655.1184353239394
1686.9066978145645,1096.58936982327
2309.4776529274445,1458.3632683564797
3323.0677319714555,360.50012832265105
3148.8577305506183,1368.4611850263193
1630.9085377515942,992.2574415734501
3484.3327499737297,976.7034801067484
1828.4336011426499,900.3342422493124
1826.6893215033447,383.27290308502006
2703.528384101558,407.8522220833928
2860.231817556769,1021.0944067909033
2824.2413819458716,709.1502857226699
1456.1631447137136,1400.7216798932168
3656.890415365065,787.9086448313667
1943.680119248377,471.9377504431693
1562.6417795918517,1157.6626002024432
3688.494623633136,652.0241057292118
3875.8241950433094,930.5643688270718
3613.957328343262,1137.399342606204
3466.6450092296586,1380.3169334424845
3034.677545789261,1250.6294337620113
2742.4006377055903,1111.633281447269
1443.5629277519483,1115.5598188741724
2343.6689965979563,1435.109572838504
2243.5278476344793,654.9889169958433
1927.3105945289135,301.3345130354249
3225.576318328038,626.3454712778384
2588.4520582205582,561.4696555520927
1426.9294045414142,1094.201502136798
1816.5129654594716,1060.453919718635
3113.1245382468687,1012.1536592456686
1413.1664065728405,319.4921318513444
3583.379359336552,1174.5336653407771
2586.410275639128,688.2364949825899
2545.6424165146145,1098.0671868079573
2858.7417970466495,967.894114202584
3509.106704590418,711.2771105134887
2173.8657821261404,461.4915205249293
3098.445227165378,413.3026771925771
2784.049499188215,1297.8219997346682
1947.6791564743799,1402.0770504978695
3660.1639617944425,1079.7456561171593
3432.7928604993986,424.12093783258
3043.665137043591,782.4326602658889
3581.6288414638775,1174.7270401261885
3628.4237626874465,1235.7850608120816
3183.4163348020975,441.8623467493063
3543.6373194182815,300.0368626144589
3152.920092673994,1154.564455056726
3104.3941609288413,727.9154111834467
2932.111859002516,605.3775979419123
3307.6065907613956,315.47696374743055
1644.0942948206064,948.3592881137996
3666.4381257569994,1321.3808825111782
3641.1618776866494,1449.1579755271055
1281.8923924967655,978.893940735947
3512.2869015813353,917.353593287873
1560.8356289256467,402.06766258708933
2138.332791925597,958.6473618511197
3281.823117616502,755.9748947584735
1650.127708935263,1028.5623370602923
3490.307667533374,766.471617451856
3529.9756982816775,588.3589481404401
2620.9096545303414,413.95833027405183
1217.880440807134,677.9021335066749
2003.706772889756,415.97380114530273
2927.3953714520785,512.2763409887807
3947.3212984767856,1484.803390295455
2969.0778756466716,832.9242682879424
1927.4500269796474,938.2461198060198
2975.215968678912,1348.3422344846583
2711.9590632043955,1494.6826805888254
3383.567106423202,999.2573392136178
1499.5457887154835,1274.968585253006
3330.8781270056784,692.3292292040103
2715.546420293109,666.8927489367493
3896.377610805185,783.2444651934723
2157.242064908321,1107.0087152083788
2971.341300775055,1118.6300271061186
3809.6786954280487,678.287321579341
1487.027238373902,459.85190896395443
3824.239764262063,1058.8755077586102
3126.0800224422774,453.99103462651743
1389.9437654944813,994.1910098751961
2042.6979874510855,1132.1065536675708
3182.881848206788,1140.733795673342
1388.5816841125607,1204.1665327915161
2830.077288493565,1347.4313058787975
2168.4725594682786,899.9507903577461
2938.563449748936,1176.2990274354854
1328.077694675036,1043.007282439004
3640.3030572266534,523.9679277572191
3925.7691136967114,330.8275738432898
3912.857994799936,641.4496628123205
3299.025128880189,831.6404476051433
1564.2414723657696,1040.5271333143876
3323.136948601263,1319.9511966038465
1268.8433660846442,535.4948600473988
1261.9459442811924,450.65974787817254
2106.1086136187155,1456.1759369691931
2568.200933133064,429.65347125168853
3357.140769861821,874.189284128627
3113.227054498215,1002.6764745519622
2448.5275778548953,949.6493050889259
1966.1546655886646,403.23858843953184
3991.948600441591,368.43229680434325
2393.307646260724,426.5801129532428
2463.8836681230914,1002.705220647135
1658.1466993366737,953.2138651611854
3425.466736499802,580.4889504440931
3142.310232188168,1065.32897021471
1818.154915808529,1284.0810024667794
1430.6669277243595,349.8947518159125
3105.3980458091964,897.7559322576509
3032.6313999871786,1127.1724945232284
1965.126675594986,602.7743124836245
3862.417974301149,669.325086351779
1622.9620969865207,1036.3654835872605
2410.5374429192852,1377.5223521324842
3842.1245764692767,1271.9093043634794
2375.2364873931424,999.7562629195002
2987.87265345944,1176.2660613086991
2313.264314295824,737.7869642493583
1967.8025665762761,1069.1586337185092
3955.137414287519,859.4179093530684
2346.13521768212,527.9233637490731
3703.4777703015766,1142.0859286527086
1843.8728964950415,967.7575648185864
1796.6931712702333,730.3458983443097
1287.1754320766318,1393.6070280943568
3024.667111052478,325.12094139207994
2231.8737624265314,678.9277814993952
3620.2030995509836,368.2576773331759
2524.9877387363604,1219.8327794659526
3910.941598161221,1142.5289449365512
1719.471443968739,697.6226624835804
3632.14487027571,1110.7954826484877
3374.471187816877,775.1246714351398
3358.5811650033456,1207.5045497069211
3565.3930387272853,845.0203952840473
3330.867174640397,794.7356733979987
2953.4169005679632,1421.6758985859612
1567.485657510685,601.0549198688402
1291.0733025755053,444.5368079958785
3778.373973883923,1001.4517359113498
2926.620880658066,1463.1861747410146
3430.3044147332935,753.4070564726239
2548.26258423514,374.4441163545378
1528.4629290947046,707.166320771481
1550.5202181671411,907.1179851834702
3119.58280424112,494.30760795865643
2404.8565057184956,1089.7226616677904
1761.469234760943,1497.2992668122408
2576.464730876023,842.0873711777326
1379.7850238103754,725.6742680762552
2829.519925360317,780.8450002013599
1953.1815324182735,438.17541407424136
3433.1654817841268,1359.9283217114685
2069.0134849860065,797.7907866256223
2474.6164174290434,764.7292937098096
1232.5375117426818,1091.6283275165692
1402.8512858247648,830.4401051173483
2298.9819579387176,1077.8801625694152
2543.828737207946,373.735548156945
2880.0575347340505,1276.468012466673
2016.655220386049,1428.6047434552831
3145.949281154319,1078.5184633912631
3608.3427121297727,1445.479114630573
3383.5827689013795,481.71877724395597
1310.9327109754,872.8994273764245
2545.419452321921,1022.1680807345367
1493.8044995708897,998.083976905424
1877.726044415077,781.754134906852
3962.65526114801,705.7012912395137
1598.987520124237,452.1888270605026
2596.886829663797,770.0909406747338
2930.8360560907336,495.19297812658215
3166.9019175234907,1181.238811790662
2767.0163137633594,550.597122593508
1227.3583727737143,370.27836634144063
2114.091663083177,962.8393653806812
2649.592601477192,1014.275679263282
1446.0261976055333,1346.2956735366065
2181.7554073857063,992.3779349012183
1292.9687046158265,714.5770244681348
1420.0197920340581,1263.6142578315846
2311.3851733644688,948.3346718249053
1571.604111320569,395.1363415574301
2789.1143751323625,979.020672375896
3130.501913584344,1389.6222545059948
3441.642757505432,775.5751505978646
1760.4206838854684,655.5909622797601
1668.9512303253953,472.16334842162405
1492.7899529363208,481.73462632242877
2982.0046987221826,819.3257812101826
3178.132034163323,1014.8157889938354
1288.4412055117978,396.7384862035221
3821.3942894823313,1427.482306830199
1345.5195942241228,1206.1603409342351
2715.6297388429975,1003.9487019403952
3185.369454462566,1294.126405126789
3638.71354648904,396.22410817453596
3199.443409970798,872.2066532797493
3444.838632595417,1056.111752233996
2150.460539119857,1294.383487341947
3481.510318490234,1240.1634720591212
1424.3215698770905,632.4830996560795
3705.4866369694773,1429.0562034710451
2733.2586532304613,449.2150097170444
3488.4337558949824,1350.1603423453826
2466.4911966512404,1465.1282995255422
3002.01754655027,512.5842278671507
2673.927450621117,1166.4792770445424
3248.4506609149294,348.34262253359816
1428.5639496856509,786.5073901669859
1368.9858351735786,919.5399590372089
1891.8890552284101,996.7742710915609
1646.7251043169274,1423.1246978982715
3640.9939864581647,1106.7008247530337
1813.7991646025241,877.5335414630844
3932.4227162935676,1271.6100435190672
2143.308216959099,1440.6393851452908
1709.930163928358,326.47937841874904
3411.1558199989418,1479.0255267072464
3044.381771402453,403.3585668764164
2594.9480060687893,1277.2641351225136
2755.017942625367,636.401703061695
3213.764979162339,458.6155893046461
1839.6732757276363,827.8267676566019
3989.7349649588773,1072.7478953371362
3929.4208540109926,757.14221402817
3020.9119217714233,365.4784899392388
1758.7188626016064,1019.3533675904599
3104.639078807616,1382.8839313328097
1402.1555451416923,759.858439136702
1285.8270061762569,559.5993331569924
1921.5120878313983,831.0928151193784
2495.344278870086,358.03525325853707
3631.1630151434656,1284.58510137633
3236.0733953456624,1291.608973140224
3279.578259359947,1005.6005561155541
2391.3813364546113,723.7234667260674
2168.617979131496,1259.74003733494
2238.9085363568875,965.6244297460406
3965.418778460962,1291.1187702600196
1312.305735954951,1057.7505510996248
3627.688189142856,1241.2865678553567
2820.2911440027015,1018.2755918613119
2428.1231737308535,796.9692818587994
3230.721449162382,1449.535031911365
2562.673035989168,949.3365898546136
3645.5850666286497,1026.1074222486461
3721.965219231524,564.5851672976992
2380.818595245675,1050.7809473127318
1975.1178322581445,985.9291793795326
2858.580920061414,521.8060775364299
3754.6173677267348,371.50451682377246
1789.8541292158666,1025.2311836577253
2944.306433977752,1216.4307232203846
2968.3686162590575,928.0816451064098
3252.7164627627867,572.1271503835749
1568.3895183563275,1099.8263720316418
3204.309901109848,396.1268719315227
3745.291057863795,830.2004457623456
1703.1127048366775,496.04011007810425
1865.1213097868574,521.35086127186
3919.906263316591,542.7527389898444
1706.7354675865713,764.0484684527735
3592.2782614348216,361.3802467444772
2578.3779980544973,777.3521291149178
1892.2470083288958,914.048936537641
3638.099723563032,879.9531419595902
2446.8547140074634,759.3409204836487
2641.4885910031326,1306.975929684903
2205.853434319344,474.3920309046049
2860.2623840177966,906.8360925376487
1657.8668432380637,374.44970034786513
2295.02830262493,385.3868146534917
3914.354502538805,988.6390196125155
1922.7736115631571,979.2221098653852
3038.8626607156184,1353.6402154133484
2110.5321798291457,969.4484107920878
3365.724751922482,1451.7492244858202
1566.4462500113796,358.43381807991574
3915.498926219925,417.60922173688925
2470.6107158741897,352.87903388445767
1860.9412973700992,522.332220400248
1405.7908925240354,949.5241331300138
1675.322134245114,1074.6866177129136
2655.3670559568495,354.70218953840254
2143.6088940076015,1435.1650678147191
3520.8734244713064,1310.5984519804574
2406.4850662530566,655.9349785885117
1896.3999632453638,392.6250362717616
2928.005962491284,503.8644878628687
3178.9762072792482,452.3332965059672
1667.7173421226596,447.9405351587362
1669.3338056072894,922.2740263988807
1302.6799954139203,595.0169309920803
3261.9256421837936,729.7676598349733
3058.652677341054,1487.406400061187
2528.966452099479,1121.1770987104137
3563.677257113752,1438.7768004564016
3455.8764282601487,471.0678660397387
2838.9922203109063,758.567369799083
3631.1595854371244,965.6781639388252
1776.355388102951,392.1096742664856
1513.374934313638,305.02493235354945
1955.298912247571,1104.521200556301
1359.8431970500815,1070.1834201617226
2687.2746784028895,792.9465719995342
3822.4959384258923,887.5728912384392
1310.161913871827,798.5316007105075
1541.907759228075,328.80605381386664
2466.1572791936187,702.4459274609549
3814.850049078134,512.4987064767478
2085.237093934901,418.1090269216425
2620.257464327499,1448.0645206672198
1316.404005341098,1019.2316700505987
1615.3609626938487,1174.3875410839232
3962.5643442847713,678.436491919341
3902.3323500209276,771.7765553928182
1213.8319466163468,584.3087926760682
3865.072999185069,416.3588051585097
2989.5358258834012,514.8379649299005
3630.171224656062,1257.016854355783
2473.2715957748055,1113.054966220531
2643.668880021901,956.3146511825723
2568.7704247193765,870.1078474401216
3067.219921129092,1406.9211403873494
1591.0235133176761,387.2819373344021
1283.9260516434983,636.7209758854992
2062.2038364553346,719.925424284857
3173.1061356626105,1238.9109746553454
1765.1896659442555,1491.0175441943657
3085.6108133097687,588.8046177085837
3915.7537291003573,1349.1688009644968
1462.9220042103716,1296.7473125181496
3083.285931030354,569.58887717012
2442.5006140527994,779.1990962390671
3630.798312257015,791.607443151023
1696.0194104526804,1473.86480223187
3139.3526662332606,517.070281654678
3546.7228110147084,1258.9895653257386
3844.919814527265,701.0312570077319
3113.0944792110085,1177.0444149313926
2592.0893392235967,804.0132051547954
2929.9722725633987,994.031715739848
3632.933956540411,1299.1341279913572
2797.707290588723,1264.998677980661
1285.083767151143,1339.7078202476403
3806.6563474195377,371.5407904135908
3130.6749028883714,1130.4606636476938
3094.2374801762903,467.9848520661154
1803.8904267136081,798.9822816220932
3044.87931665144,958.3060980656262
2302.8203358316437,783.2873816961969
3023.452335716178,923.534010963609
1498.460484862374,1495.831570558343
3041.966852888501,462.2607764554257
3998.3584321578664,1110.5472544037107
1334.993708809557,775.2011596627383
3936.0877158196886,459.61175868879457
2339.3422900240375,490.48411604917146
3638.1096609443257,1439.1277274947404
3390.6793553631655,1355.5217960541145
2787.6455307626698,1388.4503524980262
3267.6577859037143,1489.8393309928638
3659.843571643774,549.9784680102216
2331.5929006228926,726.527204836874
2115.6928523770684,1103.06283590984
3069.2614795780373,880.5630478327766
3461.968637435524,802.0674400540001
3334.398377374524,729.3734992027116
3433.8782168041766,1012.5367583321427
2419.6332814762127,990.7121143680984
3489.9358052900607,493.7494008770881
1536.5853550377037,866.0878050221269
2724.569474290379,964.1661314518199
1216.1242493947404,984.3443264776686
2108.8403237207567,552.1286314948222
2226.0922976399142,1190.725670702744
2309.283536505915,330.23891378528356
3147.308178731614,725.7982266517952
2287.962683556968,1236.2551782427604
2456.342143343086,976.6715052664828
1865.123566448117,613.3949190130322
2245.1050165621523,1133.9437432116574
1836.3549563368242,980.869132987288
1404.9485865516422,1255.4923313476647
2889.6560614678583,1182.030223427788
3070.9958359540456,1032.1295064434817
2934.5729688269207,885.8132103729769
2497.7833226416024,459.8185508010281
2263.400184501844,613.5996214624605
3617.3342188011106,802.9193675005024
